鄉鎮市區,交易標的,土地區段位置建物區段門牌,土地移轉總面積平方公尺,都市土地使用分區,非都市土地使用分區,非都市土地使用編定,交易年月日,交易筆棟數,移轉層次,總樓層數,建物型態,主要用途,主要建材,建築完成年月,建物移轉總面積平方公尺,建物現況格局-房,建物現況格局-廳,建物現況格局-衛,建物現況格局-隔間,有無管理組織,總價元,單價元平方公尺,車位類別,車位移轉總面積平方公尺,車位總價元,備註,編號
The villages and towns urban district,transaction sign,land sector position building sector house number plate,land shifting total area square meter,the use zoning or compiles and checks,the non-metropolis land use district,non-metropolis land use,transaction year month and day,transaction pen number,shifting level,total floor number,building state,main use,main building materials,construction to complete the years,building shifting total area,Building present situation pattern - room,building present situation pattern - hall,building present situation pattern - health,building present situation pattern - compartmented,Whether there is manages the organization,total price NTD,the unit price (NTD / square meter),the berth category,berth shifting total area square meter,the berth total price NTD,the note,serial number
文山區,房地(土地+建物),臺北市文山區景仁街20巷1~30號,21.25,商,,,1090326,土地1建物1車位0,二層,四層,公寓(5樓含以下無電梯),見其他登記事項,加強磚造,0570325,50.07,3,2,2,有,無,6110000,122029,,0.0,0,親友、員工或其他特殊關係間之交易。;,RPWNMLLLMHPFFAA08CA
中正區,房地(土地+建物)+車位,臺北市中正區羅斯福路一段61~90號,20.83,商,,,1090214,土地2建物1車位2,九層,十四層,住宅大樓(11層含以上有電梯),住家用,見其他登記事項,0980406,215.28000000000003,3,2,2,有,有,66100000,307042,塔式車位,0.0,0,含增建或未登記建物。;,RPSOMLMLMHPFFAA87CA
文山區,房地(土地+建物),臺北市文山區羅斯福路五段236巷1~30號,36.77,住,,,1090306,土地3建物1車位0,三層，陽台,四層,公寓(5樓含以下無電梯),住家用,鋼筋混凝土造,,95.01,3,2,2,有,無,13420000,141248,,0.0,0,,RPPPMLMLMHPFFAA67CA
中正區,房地(土地+建物),臺北市中正區水源路91~120號,10.73,商,,,1090314,土地2建物1車位0,十二層,十五層,住宅大樓(11層含以上有電梯),住家用,鋼筋混凝土造,0960302,111.63,2,2,2,有,有,20200000,180955,,0.0,0,含增建或未登記建物。;,RPVNMLNLMHPFFAA18CA
中正區,房地(土地+建物)+車位,臺北市中正區水源路31~60號,21.24,住,,,1090312,土地1建物1車位1,八層,十三層,住宅大樓(11層含以上有電梯),見其他登記事項,鋼筋混凝土造,1070223,206.86,4,2,2,有,有,35500000,171614,坡道平面,32.06,0,,RPWNMLNLMHPFFAA28CA
文山區,房地(土地+建物)+車位,臺北市文山區木柵路二段109巷91~120號,36.39,住,,,1090229,土地3建物1車位1,四層,八層,華廈(10層含以下有電梯),住家用,鋼筋混凝土造,0821206,92.27000000000001,2,2,1,有,無,11350000,123009,坡道機械,0.0,0,含增建或未登記建物。;車位面積無法概算。內含獨立產權車位，未包含在棟數內。,RPXNMLOLMHPFFAA48CA
文山區,房地(土地+建物),臺北市文山區木柵路二段109巷100弄31~60號,40.1,住,,,1090221,土地2建物1車位0,八層,十七層,住宅大樓(11層含以上有電梯),住家用,鋼筋混凝土造,0850925,73.31,2,2,1,有,有,9600000,130951,,0.0,0,含增建或未登記建物。;,RPRNMLLJNHPFFAA47CA
中正區,房地(土地+建物)+車位,臺北市中正區南昌路二段61~90號,5.18,商,,,1081007,土地2建物1車位1,十三層,十四層,套房(1房1廳1衛),見其他登記事項,見其他登記事項,1080124,96.78,1,1,1,有,無,19320000,314939,其他,38.61,1000000,親友、員工或其他特殊關係間之交易。;1.親友、員工或其他特殊關係間之交易。2.地政士僅受託買賣案件申請登記，並未代理撰擬不動產買賣契約書，本成交資訊由義務人自行提供屬實。,RPOUMLSKNHPFFAA68CA
中正區,房地(土地+建物)+車位,臺北市中正區南昌路二段61~90號,5.46,商,,,1081009,土地2建物1車位1,十三層,十四層,套房(1房1廳1衛),見其他登記事項,見其他登記事項,1080124,99.77000000000001,1,1,1,有,無,20440000,317855,其他,38.61,1000000,親友、員工或其他特殊關係間之交易。;1.親友、員工或其他特殊關係間之交易。2.地政士僅受託買賣案件申請登記，並未代理撰擬不動產買賣契約書，本成交資訊由義務人自行提供屬實。,RPPUMLSKNHPFFAA78CA
中正區,房地(土地+建物)+車位,臺北市中正區南昌路二段61~90號,4.58,商,,,1090101,土地2建物1車位1,十二層,十四層,套房(1房1廳1衛),見其他登記事項,見其他登記事項,1080124,90.49000000000001,1,1,1,有,無,17980000,317656,其他,38.61,1500000,地政士僅受託買賣案件申請登記，並未代理撰擬不動產買賣契約書，本成交資訊由義務人自行提供屬實。,RPQUMLSKNHPFFAA88CA
大同區,房地(土地+建物),臺北市大同區承德路三段181~210號,11.25,商,,,1090409,土地1建物1車位0,二層,四層,公寓(5樓含以下無電梯),工業用,鋼筋混凝土造,0621001,35.15,2,1,1,有,無,5000000,142248,,0.0,0,親友、員工或其他特殊關係間之交易。;「地政士僅受託買賣案件申請登記，並未代理撰擬不動產買賣契約書，本成交資訊係由權利人自行提供屬實」。「本買賣案件係屬三親等間特殊交易，其交易價格可能異於市場正常交易價格」,RPWPMLLLMHPFFBA38CA
大同區,房地(土地+建物)+車位,臺北市大同區延平北路三段1~30號,9.6,其他,,,1090316,土地3建物1車位1,十二層,十九層,住宅大樓(11層含以上有電梯),住家用,鋼筋混凝土造,1080625,121.38,2,2,1,有,有,25500000,210084,坡道機械,19.67,0,,RPUNMLMLMHPFFBA08CA
大同區,房地(土地+建物),臺北市大同區安西街9巷1~30號,22.6,其他,,,1090324,土地1建物1車位0,一層,五層,店面(店鋪),商業用,鋼筋混凝土造,0740824,102.48,0,0,0,無,無,15200000,148322,,0.0,0,含增建或未登記建物。;,RPXNMLMLMHPFFBA38CA
萬華區,房地(土地+建物)+車位,臺北市萬華區昆明街211~240號,8.97,商,,,1090307,土地1建物1車位1,九層,十一層,住宅大樓(11層含以上有電梯),住家用,鋼筋混凝土造,0881224,104.0,2,2,2,有,有,15420000,148269,塔式車位,0.0,0,含增建或未登記建物。;,RPWOMLMLMHPFFBA38CA
萬華區,房地(土地+建物),臺北市萬華區大理街160巷22弄1~30號,34.57,其他,,,1090324,土地1建物1車位0,二層,五層,公寓(5樓含以下無電梯),住家用,鋼筋混凝土造,0720115,110.44,3,2,1,有,無,10000000,90547,,0.0,0,親友、員工或其他特殊關係間之交易。;,RPWPMLMLMHPFFBA48CA
萬華區,房地(土地+建物),臺北市萬華區國興路1巷1~30號,27.05,住,,,1090319,土地1建物1車位0,十層,十二層,住宅大樓(11層含以上有電梯),住家用,鋼筋混凝土造,0710702,101.75999999999999,3,2,1,有,有,13880000,136399,,0.0,0,,RPXPMLMLMHPFFBA58CA
中正區,房地(土地+建物),臺北市中正區信義路二段1~30號,13.56,商,,,1090307,土地3建物1車位0,四層,十七層,住宅大樓(11層含以上有電梯),商業用,鋼筋混凝土造,0761228,126.24000000000001,3,2,2,有,有,34000000,269328,,0.0,0,含增建或未登記建物。;,RPTQMLMLMHPFFBA28CA
萬華區,車位,臺北市萬華區西寧南路31~60號,2.62,商,,,1090310,土地0建物0車位1,防空避難室,十層,其他,見使用執照,預力混凝土造,0671215,31.12,0,0,0,有,有,1700000,,坡道平面,0.0,1700000,,RPWQMLMLMHPFFBA58CA
萬華區,房地(土地+建物),臺北市萬華區康定路121~150號,217.0,商,,,1090106,土地2建物1車位0,全,二層,透天厝,,加強磚造,,146.36,4,2,2,有,無,204000000,1393823,,0.0,0,含增建或未登記建物。;一樓空地增建。,RPXQMLMLMHPFFBA68CA
萬華區,房地(土地+建物),臺北市萬華區成都路61~90號,3.28,商,,,1090410,土地1建物1車位0,十層,十三層,套房(1房1廳1衛),見使用執照,見使用執照,0911224,36.010000000000005,1,1,1,有,有,6500000,180505,,0.0,0,,RPSRMLMLMHPFFBA28CA
文山區,車位,臺北市文山區福興路106巷1~30號,0.59,住,,,1090408,土地0建物0車位1,地下二層，地下三層,十四層,其他,停車空間,鋼筋混凝土造,1010827,35.33,0,0,0,有,有,1700000,,坡道平面,35.33,1700000,單獨車位交易。;,RPOPMLTKNHPFFAA28CA
文山區,房地(土地+建物),臺北市文山區辛亥路四段166巷31~60號,26.44,住,,,1090315,土地1建物1車位0,七層,十層,華廈(10層含以下有電梯),見其他登記事項,鋼筋混凝土造,1071026,103.39000000000001,2,2,1,有,有,21850000,211336,,0.0,0,,RPPPMLTKNHPFFAA38CA
萬華區,房地(土地+建物),臺北市萬華區桂林路91~120號,4.61,商,,,1090316,土地1建物1車位0,十九層,二十四層,住宅大樓(11層含以上有電梯),住家用,鋼筋混凝土造,1081008,64.17,2,1,1,有,有,11080000,172666,,0.0,0,,RPOPMLNLMHPFFBA77CA
中正區,房地(土地+建物),臺北市中正區忠孝西路一段31~60號,2.53,商,,,1090326,土地1建物1車位0,十八層,二十七層,套房(1房1廳1衛),住家用,鋼骨混凝土造,0790815,45.83,0,1,1,有,有,10320000,225180,,0.0,0,,RPQPMLNLMHPFFBA97CA
中正區,房地(土地+建物),臺北市中正區重慶南路一段31~60號,3.9,商,,,1090317,土地1建物1車位0,四層,十四層,辦公商業大樓,見使用執照,鋼筋混凝土造,0910723,48.95,1,0,1,有,有,10300000,210419,,0.0,0,,RPRQMLNLMHPFFBA18CA
中正區,房地(土地+建物),臺北市中正區杭州南路一段71巷1~30號,34.71,住,,,1090120,土地1建物1車位0,一層,七層,華廈(10層含以下有電梯),住家用,鋼筋混凝土造,0651015,305.52,5,3,3,有,無,65000000,212752,,0.0,0,,RPPNMLPLMHPFFBA87CA
萬華區,房地(土地+建物),臺北市萬華區武昌街二段121~150號,3.42,商,,,1090310,土地3建物1車位0,七層,十層,套房(1房1廳1衛),商業用,鋼筋混凝土造,0671218,31.58,1,1,1,有,無,4400000,139329,,0.0,0,,RPSPMLRLMHPFFBA58CA
萬華區,房地(土地+建物),臺北市萬華區西園路一段212巷1~30號,24.75,商,,,1090407,土地1建物1車位0,全,二層,透天厝,,磚造,,38.84,5,1,3,有,無,5300000,136457,,0.0,0,親友、員工或其他特殊關係間之交易。;,RPPNMLSLMHPFFBA18CA
萬華區,土地,華江段二小段331~360地號,105.53,其他,,,1090410,土地3建物0車位0,,,其他,,,,0.0,0,0,0,有,無,2094785,19850,,0.0,0,包含公共設施保留地之交易。;包含公共設施保留地之交易。,RPOOMLPJNHPFFBA77CA
萬華區,房地(土地+建物)+車位,臺北市萬華區開封街二段61~90號,13.88,商,,,1090226,土地1建物1車位1,一層，騎樓,十六層,住宅大樓(11層含以上有電梯),商業用,鋼筋混凝土造,0841201,197.38,0,0,0,無,有,31800000,161111,坡道機械,0.0,0,,RPROMLMKNHPFFBA87CA
萬華區,房地(土地+建物),臺北市萬華區長沙街二段121~150號,12.98,商,,,1090313,土地2建物1車位0,十三層,十八層,住宅大樓(11層含以上有電梯),住家用,鋼筋混凝土造,1080304,144.66,3,2,2,有,有,29000000,200470,,0.0,0,,RPVOMLOKNHPFFBA48CA
中山區,房地(土地+建物),臺北市中山區新生北路三段1~30號,6.86,商,,,1090408,土地1建物1車位0,八層,十二層,住宅大樓(11層含以上有電梯),商業用,鋼筋混凝土造,0700703,61.71,1,1,1,有,有,2800000,45374,,0.0,0,,RPTQMLLLMHPFFCA28CA
內湖區,房地(土地+建物),臺北市內湖區金龍路222巷1~30號,20.09,住,,,1090407,土地1建物1車位0,十一層,十二層,住宅大樓(11層含以上有電梯),住家用,鋼筋混凝土造,0821213,64.49000000000001,2,1,1,有,有,12000000,186075,,0.0,0,,RPUNMLMLMHPFFCA18CA
內湖區,房地(土地+建物),臺北市內湖區金湖路31~60號,13.31,住,,,1090409,土地1建物1車位0,六層,十四層,住宅大樓(11層含以上有電梯),住家用,鋼筋混凝土造,0920930,63.25,3,2,2,有,有,4350000,68775,,0.0,0,親友、員工或其他特殊關係間之交易。;,RPPOMLMLMHPFFCA77CA
內湖區,房地(土地+建物),臺北市內湖區港華街51巷1弄1~30號,25.01,住,,,1090301,土地1建物1車位0,五層,五層,公寓(5樓含以下無電梯),住家用,鋼筋混凝土造,0701021,96.35,3,2,2,有,無,12580000,130566,,0.0,0,含增建或未登記建物。;,RPUOMLMLMHPFFCA28CA
內湖區,房地(土地+建物)+車位,臺北市內湖區新豐街31~60號,58.95,住,,,1090304,土地1建物1車位1,五層,十五層,住宅大樓(11層含以上有電梯),住家用,鋼筋混凝土造,0990505,273.07,3,2,3,有,有,52250000,191343,坡道平面,28.29,0,,RPXOMLMLMHPFFCA58CA
中山區,房地(土地+建物),臺北市中山區農安街1~30號,10.27,商,,,1090331,土地1建物1車位0,五層,十一層,住宅大樓(11層含以上有電梯),商業用,鋼筋混凝土造,0931117,76.5,3,2,2,有,有,20600000,269281,,0.0,0,,RPVQMLMLMHPFFCA58CA
中山區,房地(土地+建物),臺北市中山區雙城街7巷1~30號,30.0,商,,,1090312,土地1建物1車位0,三層，陽台,六層,華廈(10層含以下有電梯),住家用,鋼筋混凝土造,0620123,144.49,3,2,2,有,無,24000000,166101,,0.0,0,,RPXQMLMLMHPFFCA78CA
中山區,房地(土地+建物),臺北市中山區新生北路二段61~90號,3.44,住,,,1090326,土地1建物1車位0,五層,七層,華廈(10層含以下有電梯),住家用,鋼筋混凝土造,0680301,15.93,1,0,1,有,有,2000000,125549,,0.0,0,,RPVNMLNLMHPFFCA38CA
中山區,房地(土地+建物)+車位,臺北市中山區明水路397巷1~30號,70.85,住,,,1090326,土地1建物1車位3,三層,十五層,住宅大樓(11層含以上有電梯),住家用,鋼筋混凝土造,0961204,406.73,4,2,3,有,有,127075000,312431,坡道平面,103.44,0,,RPTPMLNLMHPFFCA38CA
內湖區,房地(土地+建物),臺北市內湖區環山路二段1~30號,29.33,住,,,1090315,土地1建物1車位0,三層,五層,公寓(5樓含以下無電梯),住家用,鋼筋混凝土造,0701002,101.6,3,2,1,有,無,13830000,136122,,0.0,0,含增建或未登記建物。;,RPTNMLSLMHPFFCA68CA
中山區,房地(土地+建物),臺北市中山區民權東路三段1~30號,8.86,商,,,1090321,土地1建物1車位0,五層,七層,套房(1房1廳1衛),住商用,鋼筋混凝土造,0671214,36.96,1,1,1,有,有,7300000,197511,,0.0,0,含增建或未登記建物。;,RPPNMLSLMHPFFCA28CA
內湖區,房地(土地+建物),臺北市內湖區民權東路六段210巷21弄1~30號,6.84,商,,,1090312,土地1建物1車位0,五層,八層,華廈(10層含以下有電梯),見其他登記事項,鋼筋混凝土造,0940609,41.83,1,2,1,有,有,8300000,198422,,0.0,0,,RPTOMLTLMHPFFCA88CA
中山區,房地(土地+建物)+車位,臺北市中山區建國北路三段61~90號,12.31,住,,,1090222,土地2建物1車位1,六層,十四層,住宅大樓(11層含以上有電梯),住家用,鋼筋混凝土造,1041016,123.47,0,0,0,無,有,27400000,252629,坡道平面,26.49,2900000,,RPQNMLKMMHPFFCA67CA
中山區,房地(土地+建物)+車位,臺北市中山區建國北路三段61~90號,8.93,住,,,1090120,土地2建物1車位1,五層,十四層,住宅大樓(11層含以上有電梯),住家用,鋼筋混凝土造,1041016,89.59,0,0,0,無,有,21500000,243572,坡道機械,8.3,1700000,,RPSNMLKMMHPFFCA87CA
中山區,土地,榮星段五小段91~120地號,33.04,其他,,,1090410,土地1建物0車位0,,,其他,,,,0.0,0,0,0,有,無,1344067,40680,,0.0,0,包含公共設施保留地之交易。;包含公共設施保留地之交易。,RPVNMLPJNHPFFCA48CA
中山區,房地(土地+建物)+車位,臺北市中山區五常街11巷1~30號,15.02,住,,,1090408,土地2建物1車位1,十層,十七層,住宅大樓(11層含以上有電梯),住家用,鋼筋混凝土造,1080918,133.66000000000003,3,2,1,有,有,26880000,253922,坡道平面,38.04,2600000,,RPOOMLLKNHPFFCA57CA
內湖區,房地(土地+建物)+車位,臺北市內湖區成功路四段151~180號,17.26,其他,,,1090321,土地1建物1車位1,八層,二十九層,住宅大樓(11層含以上有電梯),住家用,見其他登記事項,1070223,242.01000000000002,0,0,0,無,有,56000000,253393,坡道平面,29.1,2050000,1.毛胚屋,RPRPMLMKNHPFFCA08CA
內湖區,房地(土地+建物)+車位,臺北市內湖區成功路四段151~180號,20.57,其他,,,1090324,土地1建物1車位2,二十層,二十九層,住宅大樓(11層含以上有電梯),住家用,見其他登記事項,1070223,308.54999999999995,0,0,0,無,有,68300000,256441,坡道平面,58.2,4100000,1.毛胚屋。,RPSPMLMKNHPFFCA18CA
內湖區,房地(土地+建物)+車位,臺北市內湖區內湖路三段331~360號,80.54,住,,,1090307,土地1建物1車位1,四層,五層,華廈(10層含以下有電梯),住家用,鋼筋混凝土造,1050107,159.0,2,2,1,有,有,21560000,135597,坡道平面,33.15,0,,RPVQMLNKNHPFFCA68CA
南港區,房地(土地+建物),臺北市南港區東新街80巷10弄1~30號,33.59,住,,,1090307,土地1建物1車位0,四層,七層,華廈(10層含以下有電梯),見其他登記事項,鋼筋混凝土造,0730901,140.35,3,2,2,有,有,19000000,135376,,0.0,0,含增建或未登記建物。;,RPRNMLMLMHPFFDA97CA
松山區,房地(土地+建物)+車位,臺北市松山區八德路四段841~870號,15.09,商,,,1090314,土地1建物1車位1,八層,十一層,住宅大樓(11層含以上有電梯),商業用,鋼筋混凝土造,0880702,131.26999999999998,3,2,2,有,有,27080000,206292,升降機械,10.18,0,含增建或未登記建物。;,RPSOMLMLMHPFFDA18CA
信義區,房地(土地+建物),臺北市信義區虎林街56巷1~30號,40.25,住,,,1090324,土地2建物1車位0,一層,四層,公寓(5樓含以下無電梯),住家用,鋼筋混凝土造,0620112,81.87,2,2,2,有,無,25000000,305362,,0.0,0,含增建或未登記建物。;,RPPPMLMLMHPFFDA97CA
南港區,房地(土地+建物),臺北市南港區忠孝東路六段278巷35弄1~30號,33.0,住,,,1090331,土地1建物1車位0,三層,三層,公寓(5樓含以下無電梯),住家用,加強磚造,,55.11,3,0,2,有,無,10000000,181455,,0.0,0,含增建或未登記建物。;,RPQPMLMLMHPFFDA08CA
信義區,房地(土地+建物)+車位,臺北市信義區松山路421~450號,4.41,住,,,1090229,土地1建物1車位1,地下二層，地下三層，地下四層，地下五層,十七層,辦公商業大樓,見使用執照,鋼骨鋼筋混凝土造,0820514,73.42,0,1,0,有,有,10400000,141651,坡道平面,0.0,2500000,含增建或未登記建物。;,RPRPMLMLMHPFFDA18CA
松山區,房地(土地+建物),臺北市松山區復興北路391~420號,30.05,商,,,1090224,土地1建物1車位0,五層,七層,華廈(10層含以下有電梯),住商用,鋼筋混凝土造,0700910,131.8,3,2,2,有,無,22500000,170713,,0.0,0,含增建或未登記建物。;,RPTNMLNLMHPFFDA28CA
南港區,車位,臺北市南港區忠孝東路六段1~30號,3.18,商,,,1090407,土地0建物0車位1,地下二層,十七層,其他,停車空間,見其他登記事項,0931216,46.32,0,0,0,有,有,1980000,,坡道平面,0.0,1980000,,RPWNMLNLMHPFFDA58CA
松山區,房地(土地+建物),臺北市松山區八德路四段829巷1~30號,52.0,商,,,1090406,土地1建物1車位0,全,二層,透天厝,住商用,鋼筋混凝土造,0751027,74.98,4,2,2,有,無,50336000,671326,,0.0,0,含增建或未登記建物。;,RPOQMLNLMHPFFDA08CA
信義區,房地(土地+建物),臺北市信義區忠孝東路五段372巷27弄31~60號,33.04,住,,,1090322,土地1建物1車位0,一層,七層,華廈(10層含以下有電梯),見使用執照,鋼筋混凝土造,,161.98,3,2,3,有,有,28000000,172861,,0.0,0,,RPRNMLRLMHPFFDA48CA
松山區,車位,臺北市松山區南京東路五段211~240號,0.42,其他,,,1090409,土地0建物0車位1,一層,十八層,其他,見其他登記事項,見其他登記事項,0980331,24.91,0,0,0,有,有,2550000,,坡道平面,24.82,2550000,,RPUNMLOLMHPFFDA48CA
松山區,房地(土地+建物),臺北市松山區八德路四段106巷4弄1~30號,32.33,住,,,1090318,土地1建物1車位0,一層,四層,公寓(5樓含以下無電梯),住家用,加強磚造,,88.52,3,2,2,有,無,22475000,253897,,0.0,0,,RPXPMLSLMHPFFDA76CA
松山區,房地(土地+建物),臺北市松山區八德路三段181~210號,2.61,商,,,1090318,土地3建物1車位0,三層,十一層,套房(1房1廳1衛),見其他登記事項,鋼骨鋼筋混凝土造,0950418,33.75,1,1,1,有,有,12000000,355556,,0.0,0,,RPOQMLSLMHPFFDA58CA
信義區,房地(土地+建物),臺北市信義區松平路121~150號,59.97,住,,,1090311,土地1建物1車位0,七層,二十一層,住宅大樓(11層含以上有電梯),住家用,鋼筋混凝土造,0850402,244.87,3,2,2,有,有,68700000,280557,,0.0,0,,RPPOMLLKNHPFFDA77CA
信義區,車位,臺北市信義區松平路121~150號,0.51,住,,,1090311,土地0建物0車位1,地下三層,二十一層,其他,見其他登記事項,鋼筋混凝土造,0850402,31.22,0,0,0,有,有,3500000,,坡道平面,0.0,3500000,單獨車位交易。;,RPTNMLMLNHPFFDA28CA
北投區,房地(土地+建物)+車位,臺北市北投區關渡路61~90號,87.22,住,,,1090304,土地1建物3車位2,一層,十七層,住宅大樓(11層含以上有電梯),住家用,鋼筋混凝土造,0781208,483.65999999999997,8,4,4,有,有,45000000,93042,坡道平面,0.0,0,,RPSNMLMLMHPFFEA18CA
士林區,房地(土地+建物),臺北市士林區福德路31巷1~30號,7.21,住,,,1090308,土地1建物1車位0,一層,八層,套房(1房1廳1衛),住家用,鋼筋混凝土造,1010112,33.72,1,2,1,有,有,9500000,281732,,0.0,0,含增建或未登記建物。;,RPXNMLMLMHPFFEA68CA
士林區,房地(土地+建物),臺北市士林區天母西路6巷1~30號,22.5,商,,,1090214,土地2建物1車位0,二層,七層,華廈(10層含以下有電梯),住家用,鋼筋混凝土造,0990521,97.79,3,2,2,有,有,24000000,245399,,0.0,0,,RPWOMLMLMHPFFEA68CA
北投區,車位,臺北市北投區三合街一段82巷91~120號,3.25,住,,,1090411,土地0建物0車位1,,,其他,,,,42.87,0,0,0,有,有,2300000,,坡道平面,42.87,2300000,單獨車位交易。;,RPPNMLNLMHPFFEA97CA
士林區,房地(土地+建物)+車位,臺北市士林區社中街121~150號,53.09,住,,,1090305,土地1建物2車位1,三層,七層,華廈(10層含以下有電梯),住家用,鋼筋混凝土造,0800312,190.3,4,2,2,有,無,27200000,142932,坡道平面,40.61,0,,RPQNMLNLMHPFFEA08CA
士林區,房地(土地+建物)+車位,臺北市士林區社中街121~150號,53.09,住,,,1090305,土地1建物2車位1,二層,七層,華廈(10層含以下有電梯),住家用,鋼筋混凝土造,0800312,193.45999999999998,0,0,0,無,無,27200000,140598,坡道平面,40.61,0,,RPTNMLNLMHPFFEA38CA
士林區,房地(土地+建物)+車位,臺北市士林區社正路91~120號,17.89,商,,,1090320,土地1建物1車位1,四層,十層,華廈(10層含以下有電梯),住家用,鋼筋混凝土造,1050712,152.95999999999998,2,1,1,有,有,12500000,103537,升降機械,43.82,1200000,親友、員工或其他特殊關係間之交易。;,RPQOMLNLMHPFFEA18CA
北投區,房地(土地+建物),臺北市北投區奇岩路37巷1~30號,16.53,住,,,1090307,土地2建物1車位0,三層,五層,套房(1房1廳1衛),住家用,鋼筋混凝土造,0740913,59.089999999999996,1,1,1,有,有,3770000,63801,,0.0,0,,RPPNMLOLMHPFFEA08CA
士林區,房地(土地+建物),臺北市士林區明溪街35巷1~30號,89.69,住,,,1090326,土地2建物1車位0,二層,四層,公寓(5樓含以下無電梯),住家用,鋼筋混凝土造,0650103,103.75,4,2,2,有,無,12500000,120482,,0.0,0,,RPPOMLOLMHPFFEA18CA
士林區,房地(土地+建物),臺北市士林區通河街325巷31~60號,10.88,住,,,1090327,土地1建物1車位0,二層,五層,公寓(5樓含以下無電梯),住家用,鋼筋混凝土造,0591210,29.48,1,1,1,有,有,4200000,142469,,0.0,0,,RPPNMLRLMHPFFEA38CA
北投區,房地(土地+建物),臺北市北投區復興三路61~90號,52.62,住,,,1090407,土地1建物1車位0,五層，電梯樓梯間,八層,華廈(10層含以下有電梯),住家用,鋼筋混凝土造,0840321,92.14,3,1,1,有,有,4600000,49924,,0.0,0,親友、員工或其他特殊關係間之交易。;,RPWNMLTLMHPFFEA66CA
士林區,房地(土地+建物),臺北市士林區福國路56巷1~30號,23.2,商,,,1090320,土地1建物1車位0,五層,五層,公寓(5樓含以下無電梯),住家用,鋼筋混凝土造,0680106,82.53,2,2,1,有,無,14600000,176905,,0.0,0,,RPUOMLTLMHPFFEA56CA
士林區,房地(土地+建物)+車位,臺北市士林區基河路121~150號,28.93,商,,,1090309,土地1建物1車位1,十二層,十六層,住宅大樓(11層含以上有電梯),住家用,鋼筋混凝土造,0901012,193.75,3,2,2,有,有,25000000,129032,坡道平面,0.0,0,,RPPPMLTLMHPFFEA78CA
士林區,房地(土地+建物)+車位,臺北市士林區延平北路五段61~90號,9.51,商,,,1090310,土地2建物1車位1,九層,十二層,套房(1房1廳1衛),住家用,鋼筋混凝土造,1060113,92.19,1,1,1,有,有,14000000,184731,升降機械,22.9,1200000,,RPPOMLOJNHPFFEA08CA
北投區,土地,開明段二小段421~450地號,24.42,其他,,,1090410,土地1建物0車位0,,,其他,,,,0.0,0,0,0,有,無,928424,38019,,0.0,0,包含公共設施保留地之交易。;,RPVNMLPJNHPFFEA68CA
北投區,土地,奇岩段四小段61~90地號,51.0,住,,,1090413,土地1建物0車位0,,,其他,,,,0.0,0,0,0,有,無,18719960,367058,,0.0,0,"建商與地主合建案。;總價含使用補償金564,470元",RPVOMLPJNHPFFEA78CA
士林區,土地,永新段一小段451~480地號,203.0,其他,,,1090312,土地3建物0車位0,,,其他,,,,0.0,0,0,0,有,無,16929140,83395,,0.0,0,含增建或未登記建物。;包含公共設施保留地之交易。;,RPQOMLNKNHPFFEA18CA
北投區,房地(土地+建物)+車位,臺北市北投區溫泉路65巷1~30號,34.98,其他,,,1090408,土地1建物1車位1,七層,七層,華廈(10層含以下有電梯),住家用,鋼筋混凝土造,0840704,169.73,2,1,1,有,有,13000000,76592,坡道平面,37.91,0,,RPOPMLRLNHPFFEA58CA
大安區,車位,臺北市大安區忠孝東路四段146巷1~30號,5.75,住,,,1090323,土地0建物0車位1,地下三層，地下四層,九層,其他,見使用執照,鋼筋混凝土造,0871117,47.23,0,0,0,有,有,2600000,,升降平面,0.0,2600000,,RPTNMLNLMHPFFFA48CA
大安區,房地(土地+建物),臺北市大安區四維路52巷19弄1~30號,46.5,住,,,1090321,土地1建物1車位0,一層,四層,公寓(5樓含以下無電梯),,加強磚造,,104.26,1,1,1,有,無,23400000,224439,,0.0,0,親友、員工或其他特殊關係間之交易。;親屬特殊間之交易，雙方各以標的互易契約移轉，建物包括增建部分及現有設備器具固定物等一併在內。,RPQNMLOLMHPFFFA28CA
大安區,房地(土地+建物),臺北市大安區安和路一段1~30號,5.07,其他,,,1090312,土地7建物1車位0,一層，騎樓,十二層,店面(店鋪),住家用,鋼筋混凝土造,0660526,35.96,0,1,1,有,有,31500000,875973,,0.0,0,含增建或未登記建物。;,RPQNMLSLMHPFFFA68CA
大安區,房地(土地+建物)+車位,臺北市大安區新生南路一段97巷31~60號,84.5,住,,,1090207,土地1建物1車位2,五層,五層,華廈(10層含以下有電梯),住家用,鋼筋混凝土造,0810520,428.08,5,2,4,有,有,110000000,256961,坡道平面,0.0,0,親友、員工或其他特殊關係間之交易。;,RPVNMLSLMHPFFFA56CA
大安區,房地(土地+建物)+車位,臺北市大安區市民大道三段181~210號,38.95,住,,,1090319,土地2建物1車位2,十三層,二十三層,住宅大樓(11層含以上有電梯),住家用,見其他登記事項,1050111,374.35,4,2,3,有,有,114650000,306264,坡道平面,49.6,0,,RPPPMLSLMHPFFFA78CA
大安區,土地,通化段六小段241~270地號,0.45,其他,,,1090410,土地1建物0車位0,,,其他,,,,0.0,0,0,0,有,無,33298,0,,0.0,0,包含公共設施保留地之交易。;包含公共設施保留地之交易。,RPQNMLPJNHPFFFA28CA
大安區,房地(土地+建物)+車位,臺北市大安區仁愛路四段361~390號,23.32,其他,,,1090310,土地2建物1車位1,十七層,十九層,住宅大樓(11層含以上有電梯),住家用,鋼筋混凝土造,0751001,242.81,4,2,2,有,有,84000000,345950,坡道平面,37.6,0,含增建或未登記建物。;,RPPQMLLKNHPFFFA18CA
大安區,房地(土地+建物),臺北市大安區泰順街40巷1~30號,16.43,住,,,1090302,土地1建物1車位0,六層,六層,華廈(10層含以下有電梯),住家用,鋼筋混凝土造,0980402,67.95,2,1,1,有,有,16400000,241354,,0.0,0,,RPRNMLTKNHPFFFA88CA
中正區,房地(土地+建物),臺北市中正區羅斯福路一段31~60號,4.81,商,,,1090309,土地2建物1車位0,九層,十二層,套房(1房1廳1衛),商業用,鋼筋混凝土造,0860113,42.260000000000005,1,1,1,有,有,10480000,247989,,0.0,0,含增建或未登記建物。,RPPNMLRLMHPFFAA08DA
內湖區,房地(土地+建物)+車位,臺北市內湖區內湖路一段61~90號,160.36,其他,,,1090116,土地1建物1車位8,二層,十層,其他,見其他登記事項,鋼筋混凝土造,0970820,1206.77,0,1,1,有,有,229830000,190451,坡道平面,0.0,14400000,含增建或未登記建物。;,RPRQMLNLMHPFFCA38DA
中山區,房地(土地+建物),臺北市中山區民生東路二段61~90號,8.6,商,,,1090118,土地1建物1車位0,七層,七層,套房(1房1廳1衛),住家用,鋼筋混凝土造,0690314,46.599999999999994,1,1,1,有,有,6950000,149142,,0.0,0,,RPQNMLQLMHPFFCA28DA
中山區,房地(土地+建物),臺北市中山區民生東路三段88巷1~30號,30.67,住,,,1090309,土地1建物1車位0,十一層,十五層,住宅大樓(11層含以上有電梯),見其他登記事項,鋼筋混凝土造,0750314,148.79,4,2,2,有,有,29580000,198804,,0.0,0,含增建或未登記建物。,RPSNMLQLMHPFFCA48DA
內湖區,房地(土地+建物)+車位,臺北市內湖區大湖山莊街121~150號,31.2,其他,,,1090228,土地1建物1車位1,五層,十四層,住宅大樓(11層含以上有電梯),住家用,鋼筋混凝土造,0931130,220.72,4,2,2,有,有,41000000,215856,坡道平面,42.36,2500000,,RPWRMLSLMHPFFCA86DA
中山區,房地(土地+建物),臺北市中山區長安東路二段91~120號,5.1,商,,,1090229,土地2建物1車位0,十一層,十三層,套房(1房1廳1衛),住家用,鋼筋混凝土造,0970222,40.94,1,1,1,有,無,8700000,212506,,0.0,0,含增建或未登記建物。,RPSOMLLJNHPFFCA97DA
內湖區,房地(土地+建物),臺北市內湖區內湖路二段179巷48弄1~30號,62.83,住,,,1090228,土地2建物1車位0,二層,五層,公寓(5樓含以下無電梯),住家用,鋼筋混凝土造,0720314,129.79,4,2,2,有,有,18390000,141690,,0.0,0,含增建或未登記建物。,RPTOMLLJNHPFFCA08DA
內湖區,房地(土地+建物),臺北市內湖區內湖路一段91巷25弄1~30號,31.94,住,,,1090317,土地1建物1車位0,四層,五層,公寓(5樓含以下無電梯),住家用,鋼筋混凝土造,0730319,104.86,3,2,2,有,無,13400000,127789,,0.0,0,含增建或未登記建物。,RPOPMLPJNHPFFCA08DA
中山區,房地(土地+建物),臺北市中山區中山北路一段61~90號,7.7,其他,,,1090327,土地1建物1車位0,八層,十二層,住宅大樓(11層含以上有電梯),住家用,鋼筋混凝土造,0750430,99.67,3,2,2,有,有,19000000,190629,,0.0,0,,RPTPMLSKNHPFFCA98DA
信義區,房地(土地+建物),臺北市信義區福德街268巷4弄1~30號,21.4,住,,,1081227,土地1建物1車位0,四層,五層,公寓(5樓含以下無電梯),住家用,鋼筋混凝土造,,75.34,3,2,1,有,無,11380000,151049,,0.0,0,含增建或未登記建物。,RPUPMLMLMHPFFDA58DA
松山區,車位,臺北市松山區八德路1~30號,0.41,商,,,1090316,土地0建物0車位1,一層,十三層,其他,見其他登記事項,鋼筋混凝土造,0950823,19.68,0,0,0,有,有,1300000,,坡道機械,0.0,1300000,,RPQNMLRLMHPFFDA48DA
松山區,房地(土地+建物),臺北市松山區南京東路五段31~60號,6.26,商,,,1090313,土地2建物1車位0,四層,十一層,套房(1房1廳1衛),見使用執照,鋼筋混凝土造,0850125,42.82,1,1,1,有,有,9000000,210182,,0.0,0,含增建或未登記建物。,RPPNMLMJNHPFFDA77DA
松山區,房地(土地+建物),臺北市松山區光復南路66巷91~120號,16.5,住,,,1090305,土地1建物1車位0,三層,四層,公寓(5樓含以下無電梯),住家用,鋼筋混凝土造,0640828,46.54,1,2,1,有,無,12000000,257843,,0.0,0,含增建或未登記建物。,RPRQMLOJNHPFFDA48DA
南港區,房地(土地+建物),臺北市南港區玉成街235巷1~30號,9.3,其他,,,1090225,土地1建物1車位0,四層,五層,公寓(5樓含以下無電梯),住家用,鋼筋混凝土造,,37.78,3,1,1,有,無,6000000,158856,,0.0,0,親友、員工或其他特殊關係間之交易。;,RPSNMLSKNHPFFDA78DA
士林區,房地(土地+建物),臺北市士林區大東路1~30號,7.67,商,,,1090412,土地2建物1車位0,地下層,五層,公寓(5樓含以下無電梯),見使用執照,鋼筋混凝土造,0660111,37.58,0,0,0,無,無,2500000,66525,,0.0,0,,RPTOMLNLMHPFFEA58DA
北投區,房地(土地+建物)+車位,臺北市北投區文林北路75巷61~90號,47.73,其他,,,1090301,土地1建物1車位1,七層,十三層,住宅大樓(11層含以上有電梯),見其他登記事項,鋼筋混凝土造,1061117,190.39,3,2,2,有,有,28500000,177293,坡道平面,43.74,2500000,,RPSNMLPLMHPFFEA58DA
北投區,房地(土地+建物)+車位,臺北市北投區中央北路四段18巷46弄1~30號,63.56,住,,,1090310,土地1建物1車位1,五層,五層,華廈(10層含以下有電梯),見其他登記事項,鋼筋混凝土造,1001206,177.53,3,2,2,有,有,17500000,98575,坡道平面,0.0,2000000,含增建或未登記建物。,RPUNMLPLMHPFFEA78DA
北投區,房地(土地+建物),臺北市北投區西安街一段331~360號,36.07,商,,,1090316,土地1建物1車位0,四層,五層,公寓(5樓含以下無電梯),住家用,鋼筋混凝土造,0780509,109.13,3,2,2,有,無,17060000,156327,,0.0,0,含增建或未登記建物。,RPQPMLNLMHPFFEA38DA
中山區,房地(土地+建物)+車位,臺北市中山區八德路二段210巷1~30號,54.0,住,,,1090308,土地1建物1車位1,五層,六層,華廈(10層含以下有電梯),住家用,鋼筋混凝土造,0800411,179.05,4,2,3,有,無,35600000,198827,坡道平面,0.0,0,含增建或未登記建物。,RPROMLLJNHPFFCA87DA
士林區,房地(土地+建物),臺北市士林區大西路61~90號,141.0,住,,,1090308,土地1建物1車位0,全,,透天厝,住家用,見其他登記事項,01412,75.0,3,3,2,有,無,36000000,480000,,0.0,0,含增建或未登記建物。,RPQPMLMLMHPFFEA28DA
北投區,房地(土地+建物),臺北市北投區民族街68巷1~30號,44.68,住,,,1090224,土地1建物1車位0,五層,五層,公寓(5樓含以下無電梯),住家用,鋼筋混凝土造,0711108,137.68,3,1,2,有,無,12000000,87159,,0.0,0,親友、員工或其他特殊關係間之交易。;,RPSOMLQLNHPFFEA88DA
大安區,車位,臺北市大安區永康街7巷1~30號,0.3,商,,,1090312,土地0建物0車位6,一層,十五層,其他,見其他登記事項,鋼筋混凝土造,0970326,13.77,0,0,0,有,無,3000000,,塔式車位,0.0,3000000,,RPRNMLNLMHPFFFA38DA
大安區,房地(土地+建物),臺北市大安區臨江街40巷61~90號,17.05,住,,,1090325,土地1建物1車位0,二層,五層,公寓(5樓含以下無電梯),住家用,鋼筋混凝土造,0740603,63.55,2,2,1,有,無,12500000,196696,,0.0,0,,RPQNMLQLMHPFFFA58DA
大安區,房地(土地+建物),臺北市大安區潮州街121~150號,19.0,住,,,1090226,土地2建物1車位0,五層,五層,公寓(5樓含以下無電梯),住家用,鋼筋混凝土造,0700625,68.04,4,2,2,有,無,17000000,249853,,0.0,0,含增建或未登記建物。,RPPOMLTLMHPFFFA88DA
大安區,房地(土地+建物),臺北市大安區忠孝東路三段251巷8弄1~30號,41.75,住,,,1090216,土地2建物1車位0,二層,四層,公寓(5樓含以下無電梯),,加強磚造,0550729,98.34,3,2,1,有,無,22000000,223714,,0.0,0,含增建或未登記建物。,RPWOMLPJNHPFFFA09DA
大安區,房地(土地+建物),臺北市大安區忠孝東路三段217巷7弄1~30號,8.35,住,,,1090319,土地1建物1車位0,九層,十二層,住宅大樓(11層含以上有電梯),住家用,鋼筋混凝土造,,70.46,2,1,1,有,有,17700000,251206,,0.0,0,含增建或未登記建物。,RPXOMLPJNHPFFFA56DA
大安區,房地(土地+建物)+車位,臺北市大安區瑞安街208巷31~60號,8.54,住,,,1090313,土地1建物1車位1,七層,七層,華廈(10層含以下有電梯),住家用,鋼筋混凝土造,1040511,54.769999999999996,1,2,1,有,有,17500000,344986,其他,11.29,2500000,含增建或未登記建物。,RPPPMLSJNHPFFFA78DA
松山區,房地(土地+建物),臺北市松山區五常街281巷1~30號,26.5,住,,,1090315,土地1建物1車位0,一層，走廊,四層,公寓(5樓含以下無電梯),住家用,鋼筋混凝土造,0620415,77.64,5,0,5,有,無,17800000,229263,,0.0,0,含增建或未登記建物。,RPXQMLPJNHPFFDA56DA
南港區,房地(土地+建物),臺北市南港區忠孝東路六段278巷31~60號,33.0,住,,,1090401,土地2建物1車位0,一層，騎樓,三層,公寓(5樓含以下無電梯),住家用,加強磚造,,69.23,5,1,1,有,無,11800000,170446,,0.0,0,含增建或未登記建物。,RPWNMLKMMHPFFDA48DA
中山區,房地(土地+建物),臺北市中山區南京東路二段91~120號,3.18,其他,,,1090315,土地3建物1車位0,十層,十八層,套房(1房1廳1衛),住家用,見其他登記事項,0990917,48.44,1,1,1,有,有,13700000,282824,,0.0,0,,RPTNMLQLMHPFFCA58DA
中山區,房地(土地+建物),臺北市中山區建國北路三段61~90號,15.06,住,,,1090306,土地2建物1車位0,三層,十二層,住宅大樓(11層含以上有電梯),住家用,鋼筋混凝土造,0750411,102.38,2,2,2,有,無,17000000,166048,,0.0,0,含增建或未登記建物。,RPSNMLPLMHPFFCA38DA
大同區,房地(土地+建物),臺北市大同區歸綏街211~240號,26.0,其他,,,1090226,土地1建物1車位0,四層,四層,公寓(5樓含以下無電梯),,加強磚造,,88.51,4,3,2,有,無,12000000,135578,,0.0,0,含增建或未登記建物。,RPQNMLNJNHPFFBA77DA
大安區,房地(土地+建物),臺北市大安區敦化南路二段31~60號,4.38,其他,,,1090318,土地1建物1車位0,十二層，陽台,十六層,套房(1房1廳1衛),住家用,鋼筋混凝土造,0640602,52.7,1,0,1,有,有,16000000,303605,,0.0,0,,RPSNMLMLNHPFFFA38CA
大安區,房地(土地+建物),臺北市大安區延吉街61~90號,22.5,住,,,1081123,土地1建物1車位0,一層，騎樓,四層,套房(1房1廳1衛),住家用,鋼筋混凝土造,0601208,73.34,1,1,1,有,無,28000000,381783,,0.0,0,親友、員工或其他特殊關係間之交易。;土地法34條之1。,RPUOMLPLNHPFFFA98CA
文山區,房地(土地+建物),臺北市文山區興隆路二段203巷31~60號,20.1,住,,,1090403,土地1建物1車位0,五層,十三層,住宅大樓(11層含以上有電梯),住家用,鋼筋混凝土造,0880510,80.30000000000001,2,2,1,有,有,12990000,161768,,0.0,0,含增建或未登記建物。,RPXNMLKMMHPFFAA28DA
中正區,房地(土地+建物),臺北市中正區汀州路三段27巷1~30號,43.14,住,,,1090320,土地3建物1車位0,一層,五層,公寓(5樓含以下無電梯),商業用,鋼筋混凝土造,0750916,178.28,9,2,4,有,無,30000000,168275,,0.0,0,含增建或未登記建物。;,RPQOMLKMMHPFFAA67DA
文山區,房地(土地+建物),臺北市文山區辛亥路四段77巷1~30號,41.28,住,,,1090318,土地4建物1車位0,七層,十三層,住宅大樓(11層含以上有電梯),住家用,鋼筋混凝土造,0851107,89.48,3,2,1,有,有,13680000,152883,,0.0,0,含增建或未登記建物。共有人共兩人,RPROMLKMMHPFFAA77DA
萬華區,房地(土地+建物),臺北市萬華區康定路91~120號,16.83,商,,,1090320,土地2建物1車位0,全,三層,透天厝,,加強磚造,,43.54,1,1,1,有,無,6980000,160312,,0.0,0,親友、員工或其他特殊關係間之交易。;,RPUPMLMLMHPFFBA38DA
大同區,房地(土地+建物),臺北市大同區重慶北路三段113巷31~60號,3.24,商,,,1090413,土地1建物1車位0,三層,五層,公寓(5樓含以下無電梯),住家用,鋼筋混凝土造,0640723,11.59,2,2,1,有,無,900000,77653,,0.0,0,親友、員工或其他特殊關係間之交易。;,RPWNMLNLMHPFFBA48DA
大同區,房地(土地+建物),臺北市大同區重慶北路三段322巷1~30號,20.8,住,,,1090315,土地3建物1車位0,二層,五層,公寓(5樓含以下無電梯),住家用,鋼筋混凝土造,0680328,76.3,3,2,1,有,無,9800000,128440,,0.0,0,含增建或未登記建物。,RPPNMLQLMHPFFBA08DA
大安區,房地(土地+建物),臺北市大安區忠孝東路三段151~180號,18.04,住,,,1090325,土地2建物1車位0,十四層,十四層,住宅大樓(11層含以上有電梯),住家用,鋼筋混凝土造,0760423,99.53,3,2,2,有,有,23310000,234201,,0.0,0,親友、員工或其他特殊關係間之交易。;法院協調買賣案件  持分9/10,RPSNMLPJNHPFFFA48CA
大安區,房地(土地+建物),臺北市大安區溫州街12巷1~30號,13.53,住,,,1090311,土地1建物1車位0,一層，露台,四層,公寓(5樓含以下無電梯),住家用,加強磚造,,26.73,3,2,1,有,無,6500000,243172,,0.0,0,親友、員工或其他特殊關係間之交易。;,RPOOMLRLMHPFFFA48CA
大安區,車位,臺北市大安區金山南路二段1~30號,0.18,住,,,1090408,土地0建物0車位1,地下二層,十二層,其他,見使用執照,鋼筋混凝土造,0700619,36.81,0,0,0,有,有,2000000,,升降平面,36.82,2000000,單獨車位交易。;,RPOPMLNLMHPFFFA18CA
北投區,房地(土地+建物)+車位,臺北市北投區奇岩路211~240號,199.44,住,,,1090119,土地4建物1車位1,三層,五層,華廈(10層含以下有電梯),住家用,鋼筋混凝土造,1040617,238.85000000000002,3,2,2,有,有,41800000,175807,坡道平面,15.31,2500000,,RPVOMLPKNHPFFEA88CA
北投區,房地(土地+建物)+車位,臺北市北投區中正街49巷1~30號,15.36,商,,,1090318,土地1建物1車位1,四層,十四層,住宅大樓(11層含以上有電梯),住家用,鋼筋混凝土造,0960214,125.36000000000001,2,1,1,有,有,18500000,147575,坡道平面,43.88,0,含增建或未登記建物。;陽台外推,RPQOMLLKNHPFFEA97CA
北投區,房地(土地+建物)+車位,臺北市北投區公?路421~450號,58.81,住,,,1090303,土地1建物2車位1,十一層,十四層,住宅大樓(11層含以上有電梯),住家用,鋼筋混凝土造,0820211,327.69,4,3,2,有,有,42000000,128170,坡道平面,45.31,0,,RPTOMLOJNHPFFEA48CA
士林區,房地(土地+建物)+車位,臺北市士林區芝玉路二段52巷1~30號,58.41,住,,,1090314,土地2建物2車位2,四層,五層,公寓(5樓含以下無電梯),住家用,鋼筋混凝土造,0990804,193.37,4,2,2,有,有,35350000,182810,塔式車位,0.0,0,,RPUOMLOJNHPFFEA58CA
北投區,房地(土地+建物),臺北市北投區立農街一段257巷7弄1~30號,38.5,住,,,1090117,土地1建物1車位0,四層,四層,公寓(5樓含以下無電梯),住家用,鋼筋混凝土造,0660117,95.78,3,2,2,有,無,11500000,120067,,0.0,0,含增建或未登記建物。;,RPTPMLRLMHPFFEA98CA
士林區,土地,溪洲段二小段421~450地號,82.85,住,,,1090306,土地1建物0車位0,,,其他,,,,0.0,0,0,0,有,無,4500000,54315,,0.0,0,親友、員工或其他特殊關係間之交易。;,RPWOMLSLMHPFFEA66CA
士林區,房地(土地+建物)+車位,臺北市士林區天母西路50巷1~30號,14.28,商,,,1090317,土地1建物1車位2,六層,十三層,住宅大樓(11層含以上有電梯),住家用,鋼筋混凝土造,0970609,73.12,4,2,2,有,有,18000000,246171,坡道機械,0.0,0,親友、員工或其他特殊關係間之交易。;,RPQNMLOLMHPFFEA18CA
北投區,房地(土地+建物),臺北市北投區中央北路三段40巷38弄1~30號,30.12,住,,,1090325,土地1建物1車位0,三層,四層,公寓(5樓含以下無電梯),住家用,鋼筋混凝土造,0700324,79.94,3,2,1,有,無,7000000,87566,,0.0,0,,RPROMLNLMHPFFEA28CA
北投區,房地(土地+建物)+車位,臺北市北投區榮華一路1~30號,46.91,住,,,1090305,土地1建物1車位1,四層，電梯樓梯間,六層,華廈(10層含以下有電梯),住家用,鋼筋混凝土造,0860118,180.72,3,2,2,有,有,32500000,179836,升降機械,0.0,0,含增建或未登記建物。;,RPOPMLNLMHPFFEA08CA
北投區,房地(土地+建物)+車位,臺北市北投區稻香路161巷1~30號,8.49,住,,,1090316,土地1建物1車位1,七層,十一層,套房(1房1廳1衛),住家用,鋼筋混凝土造,0930312,44.31,1,1,1,有,有,3800000,85759,升降機械,6.71,0,含增建或未登記建物。;,RPUNMLNLMHPFFEA48CA
北投區,房地(土地+建物),臺北市北投區致遠一路二段12巷5弄1~30號,20.98,住,,,1090322,土地1建物1車位0,五層,五層,華廈(10層含以下有電梯),住家用,鋼筋混凝土造,1040617,83.02,3,2,2,有,有,17500000,210793,,0.0,0,含增建或未登記建物。;,RPPOMLNLMHPFFEA08CA
北投區,房地(土地+建物),臺北市北投區文化三路61~90號,39.11,住,,,1090328,土地2建物1車位0,七層,七層,華廈(10層含以下有電梯),住家用,鋼筋混凝土造,0750312,122.65,3,2,2,有,有,13000000,105993,,0.0,0,含增建或未登記建物。;,RPRNMLNLMHPFFEA18CA
士林區,房地(土地+建物),臺北市士林區福志路91~120號,27.57,住,,,1090405,土地2建物1車位0,一層,五層,公寓(5樓含以下無電梯),見使用執照,鋼筋混凝土造,0680630,106.91,3,2,2,有,無,22300000,208587,,0.0,0,平台外推本成交資訊係由不動產經紀業提供屬實,RPTPMLMLMHPFFEA48CA
南港區,房地(土地+建物),臺北市南港區向陽路258巷91~120號,28.51,住,,,1090115,土地1建物1車位0,五層,九層,華廈(10層含以下有電梯),住家用,鋼筋混凝土造,0971009,98.42,2,1,1,有,有,16000000,162569,,0.0,0,,RPUPMLRJNHPFFDA88CA
信義區,房地(土地+建物),臺北市信義區林口街24巷1~30號,18.9,住,,,1090312,土地1建物1車位0,二層,五層,公寓(5樓含以下無電梯),住家用,鋼筋混凝土造,0660106,77.57,3,2,1,有,無,15580000,200851,,0.0,0,,RPTNMLLKNHPFFDA08CA
信義區,房地(土地+建物),臺北市信義區大道路31~60號,28.5,住,,,1070704,土地1建物1車位0,四層,四層,公寓(5樓含以下無電梯),住家用,鋼筋混凝土造,0601213,78.08,3,1,2,有,無,13000000,166496,,0.0,0,含增建或未登記建物。;,RPRNMLLJNHPFFDA77CA
南港區,房地(土地+建物)+車位,臺北市南港區福德街361~390號,22.2,住,,,1090227,土地1建物1車位1,十六層,十八層,住宅大樓(11層含以上有電梯),見其他登記事項,鋼筋混凝土造,0870521,131.35,3,2,2,有,有,16000000,121812,坡道平面,0.0,0,親友、員工或其他特殊關係間之交易。;含增建或未登記建物。;,RPOOMLPJNHPFFDA97CA
信義區,土地,祥和段二小段211~240地號,141.5,其他,,,1090410,土地3建物0車位0,,,其他,,,,0.0,0,0,0,有,無,4848820,34267,,0.0,0,包含公共設施保留地之交易。;包含公共設施保留地之交易。,RPPOMLPJNHPFFDA08CA
信義區,房地(土地+建物),臺北市信義區信義路六段12巷31~60號,23.4,住,,,1090314,土地1建物1車位0,五層,五層,公寓(5樓含以下無電梯),住家用,鋼筋混凝土造,,86.38,3,2,1,有,無,14000000,162075,,0.0,0,,RPVPMLPJNHPFFDA78CA
松山區,房地(土地+建物),臺北市松山區敦化北路145巷1~30號,49.5,其他,,,1090215,土地3建物1車位0,一層,四層,公寓(5樓含以下無電梯),見其他登記事項,加強磚造,0540727,118.81,0,0,0,無,無,46000000,387173,,0.0,0,,RPSQMLPJNHPFFDA58CA
南港區,房地(土地+建物),臺北市南港區舊莊街一段241~270號,35.4,住,,,1090112,土地1建物1車位0,二層,五層,公寓(5樓含以下無電梯),住家用,鋼筋混凝土造,,122.75,4,2,2,有,無,10300000,83910,,0.0,0,含增建或未登記建物。;,RPPNMLQJNHPFFDA08CA
松山區,土地,敦化段一小段121~150地號,20.0,其他,,,1090318,土地1建物0車位0,,,其他,,,,0.0,0,0,0,有,無,1211100,60555,,0.0,0,包含公共設施保留地之交易。;,RPQPMLQJNHPFFDA38CA
南港區,房地(土地+建物),臺北市南港區成福路171巷40弄1~30號,26.69,住,,,1090317,土地2建物1車位0,四層,五層,公寓(5樓含以下無電梯),住家用,鋼筋混凝土造,,110.85,4,1,2,有,無,9750000,87957,,0.0,0,,RPTPMLRLMHPFFDA88CA
松山區,房地(土地+建物),臺北市松山區南京東路五段123巷4弄1~30號,55.0,住,,,1090216,土地1建物1車位0,四層,四層,公寓(5樓含以下無電梯),住家用,鋼筋混凝土造,0560629,130.5,3,2,2,有,無,25080000,192184,,0.0,0,含增建或未登記建物。;,RPXNMLNLMHPFFDA68CA
信義區,房地(土地+建物),臺北市信義區吳興街432巷91~120號,26.24,住,,,1090320,土地1建物1車位0,三層,五層,公寓(5樓含以下無電梯),住家用,鋼筋混凝土造,0770119,97.92999999999999,3,2,2,有,無,14000000,142959,,0.0,0,含增建或未登記建物。;,RPOOMLNLMHPFFDA87CA
松山區,房地(土地+建物),臺北市松山區寶清街101巷1~30號,18.0,住,,,1090215,土地1建物1車位0,三層,五層,華廈(10層含以下有電梯),住家用,鋼筋混凝土造,0821201,66.49,2,2,1,有,無,14700000,221086,,0.0,0,含增建或未登記建物。;,RPWOMLNLMHPFFDA68CA
中山區,房地(土地+建物)+車位,臺北市中山區吉林路1~30號,93.85,住,,,1090306,土地2建物1車位4,十五層，十四層,十五層,住宅大樓(11層含以上有電梯),住家用,見其他登記事項,1030530,702.9200000000001,0,0,0,無,有,175000000,248961,坡道平面,185.2,0,,RPRPMLPJNHPFFCA28CA
內湖區,房地(土地+建物),臺北市內湖區內湖路二段301巷7弄1~30號,30.19,住,,,1090310,土地1建物1車位0,二層,五層,公寓(5樓含以下無電梯),住家用,鋼筋混凝土造,0720315,104.72999999999999,3,2,1,有,無,14800000,141316,,0.0,0,,RPOOMLOJNHPFFCA77CA
內湖區,房地(土地+建物)+車位,臺北市內湖區內湖路二段179巷3弄1~30號,48.59,住,,,1090304,土地1建物1車位1,九層，十層,十層,華廈(10層含以下有電梯),住家用,鋼筋混凝土造,0831117,232.62,4,2,2,有,有,31000000,133265,坡道平面,0.0,2500000,含增建或未登記建物。;,RPROMLOJNHPFFCA08CA
中山區,房地(土地+建物)+車位,臺北市中山區明水路691~720號,16.78,商,,,1090329,土地1建物2車位1,七層,十二層,辦公商業大樓,商業用,鋼筋混凝土造,0970319,91.6,1,1,1,有,有,15000000,163755,坡道平面,31.93,0,,RPXNMLTLMHPFFCA56CA
內湖區,房地(土地+建物),臺北市內湖區環山路一段136巷14弄1~30號,26.39,住,,,1090328,土地4建物1車位0,四層,四層,公寓(5樓含以下無電梯),住家用,鋼筋混凝土造,0660609,71.23,3,2,1,有,無,10700000,150218,,0.0,0,含增建或未登記建物。;,RPPNMLRLMHPFFCA18CA
內湖區,房地(土地+建物)+車位,臺北市內湖區南京東路六段331~360號,7.77,工,,,1090401,土地1建物1車位1,六層,十二層,其他,見其他登記事項,鋼筋混凝土造,0970407,77.14,0,0,0,無,有,8350000,108245,坡道平面,0.0,0,,RPROMLNLMHPFFCA08CA
內湖區,房地(土地+建物),臺北市內湖區大湖街131巷18弄1~30號,145.21,住,,,1090322,土地1建物1車位0,全,三層,透天厝,住家用,鋼筋混凝土造,0760629,254.93,3,3,3,有,有,41000000,160828,,0.0,0,含增建或未登記建物。;,RPVOMLNLMHPFFCA48CA
中山區,房地(土地+建物)+車位,臺北市中山區明水路571~600號,12.35,商,,,1090330,土地1建物1車位1,六層,十層,其他,商業用,鋼筋混凝土造,0900829,78.52,1,1,1,有,有,12560000,159959,坡道平面,36.71,0,含增建或未登記建物。;,RPUQMLNLMHPFFCA58CA
中山區,房地(土地+建物),臺北市中山區復興北路421~450號,7.14,住,,,1090315,土地2建物1車位0,四層,十二層,住宅大樓(11層含以上有電梯),住家用,鋼筋混凝土造,0971015,40.86,1,1,1,有,有,8800000,215370,,0.0,0,含增建或未登記建物。;,RPTRMLNLMHPFFCA58CA
中山區,房地(土地+建物),臺北市中山區龍江路121~150號,9.61,住,,,1090329,土地1建物1車位0,四層,七層,華廈(10層含以下有電梯),住家用,鋼筋混凝土造,0711210,69.50999999999999,2,1,1,有,無,13879800,199681,,0.0,0,,RPRNMLOLMHPFFCA08CA
內湖區,房地(土地+建物)+車位,臺北市內湖區新湖三路151~180號,153.67,其他,,,1080923,土地1建物1車位8,一層,九層,廠辦,見其他登記事項,鋼筋混凝土造,1080808,878.4300000000001,0,0,0,無,無,155330000,225329,坡道平面,249.44,13600000,,RPVOMLOLMHPFFCA58CA
內湖區,房地(土地+建物)+車位,臺北市內湖區新湖三路151~180號,151.44,其他,,,1080923,土地1建物1車位8,一層,九層,廠辦,見其他登記事項,鋼筋混凝土造,1080808,851.86,0,0,0,無,無,149350000,225341,坡道平面,249.44,13600000,,RPWOMLOLMHPFFCA68CA
內湖區,房地(土地+建物)+車位,臺北市內湖區行善路361~390號,24.64,其他,,,1090326,土地1建物1車位1,十一層,十二層,辦公商業大樓,見其他登記事項,鋼筋混凝土造,1021017,137.9,3,2,2,有,有,20600000,149384,坡道平面,17.86,0,,RPQNMLNLMHPFFCA87CA
中山區,房地(土地+建物)+車位,臺北市中山區朱崙街61~90號,42.46,住,,,1090407,土地1建物1車位8,三層,十一層,住宅大樓(11層含以上有電梯),住家用,鋼骨鋼筋混凝土造,0970612,448.92999999999995,3,2,3,有,有,84000000,187112,坡道機械,0.0,0,,RPOQMLMLMHPFFCA87CA
萬華區,房地(土地+建物),臺北市萬華區中華路二段504巷1~30號,12.4,住,,,1090312,土地1建物1車位0,六層,十二層,住宅大樓(11層含以上有電梯),住家用,鋼筋混凝土造,,46.08,2,1,1,有,有,7800000,169271,,0.0,0,,RPWOMLRLMHPFFBA88CA
萬華區,房地(土地+建物),臺北市萬華區國興路1巷1~30號,12.4,住,,,1090215,土地1建物1車位0,十一層,十二層,住宅大樓(11層含以上有電梯),住家用,鋼筋混凝土造,0710702,46.269999999999996,2,1,1,有,有,7000000,151286,,0.0,0,,RPPNMLOLMHPFFBA77CA
中正區,房地(土地+建物),臺北市中正區青島東路1~30號,31.76,商,,,1090311,土地1建物1車位0,七層,七層,華廈(10層含以下有電梯),住家用,鋼筋混凝土造,0631108,160.64999999999998,3,1,2,有,有,30800000,191721,,0.0,0,,RPSNMLOLMHPFFBA08CA
萬華區,房地(土地+建物),臺北市萬華區和平西路三段382巷12弄31~60號,13.81,住,,,1090329,土地2建物1車位0,五層,五層,套房(1房1廳1衛),住家用,鋼筋混凝土造,0650709,41.48,1,1,1,有,無,4350000,104870,,0.0,0,含增建或未登記建物。;,RPUPMLNLMHPFFBA38CA
萬華區,房地(土地+建物),臺北市萬華區長泰街297巷1~30號,15.23,住,,,1090321,土地2建物1車位0,二層,七層,華廈(10層含以下有電梯),住家用,鋼筋混凝土造,,73.83,2,1,1,有,無,9300000,125965,,0.0,0,,RPOQMLNLMHPFFBA87CA
萬華區,房地(土地+建物),臺北市萬華區長沙街二段61~90號,11.6,商,,,1090316,土地1建物1車位0,二層,十五層,住宅大樓(11層含以上有電梯),住家用,鋼筋混凝土造,1010119,121.38,1,1,1,有,有,16550000,136349,,0.0,0,,RPPPMLNLMHPFFBA87CA
文山區,車位,臺北市文山區辛亥路四段166巷1~30號,0.13,住,,,1090315,土地0建物0車位1,,,其他,,,,26.62,0,0,0,有,有,1700000,,坡道機械,26.62,1700000,,RPRPMLTKNHPFFAA58CA
大同區,車位,臺北市大同區迪化街二段191巷1~30號,2.22,住,,,1090407,土地0建物0車位1,地下層,七層,其他,見使用執照,鋼筋混凝土造,0720728,29.74,0,0,0,有,無,2160000,,坡道平面,0.0,0,單獨車位交易。;,RPQOMLNLMHPFFBA87CA
文山區,房地(土地+建物)+車位,臺北市文山區秀明路一段129巷31~60號,156.75,住,,,1090307,土地1建物1車位1,二層,五層,華廈(10層含以下有電梯),見其他登記事項,鋼筋混凝土造,1070302,268.44,4,2,2,有,有,38000000,166988,坡道平面,55.85,2500000,,RPXOMLPJNHPFFAA58CA
文山區,房地(土地+建物),臺北市文山區木新路三段339巷1~30號,13.38,住,,,1090410,土地1建物1車位0,一層，騎樓,四層,公寓(5樓含以下無電梯),住家用,鋼筋混凝土造,,30.9,2,1,1,有,無,5200000,168285,,0.0,0,04.含增建或未登記建物。,RPWNMLRLMHPFFAA68CA
文山區,房地(土地+建物),臺北市文山區萬利街41巷1~30號,18.68,其他,,,1090315,土地1建物1車位0,一層,九層,華廈(10層含以下有電梯),住家用,鋼筋混凝土造,0820407,66.27,2,2,1,有,有,11200000,169006,,0.0,0,含增建或未登記建物。;,RPOOMLNLMHPFFAA57CA
文山區,房地(土地+建物),臺北市文山區恆光街17巷1~30號,23.82,住,,,1090314,土地2建物1車位0,一層，停車場,五層,公寓(5樓含以下無電梯),住商用,鋼筋混凝土造,0670629,83.71,2,2,2,有,無,17000000,203082,,0.0,0,,RPPNMLNLMHPFFAA57CA
文山區,車位,臺北市文山區興隆路四段165巷31~60號,0.24,住,,,1090329,土地0建物0車位2,一層,十三層,其他,住家用,鋼筋混凝土造,0981113,33.809999999999995,0,0,0,有,有,1540000,,坡道機械,33.44,1540000,,RPQNMLNLMHPFFAA67CA
中正區,房地(土地+建物),臺北市中正區□門街61~90號,9.86,商,,,1090309,土地6建物1車位0,六層,八層,華廈(10層含以下有電梯),商業用,鋼筋混凝土造,0860828,86.50999999999999,0,2,1,有,有,15100000,174546,,0.0,0,含增建或未登記建物。;,RPTNMLNLMHPFFAA97CA
中正區,房地(土地+建物),臺北市中正區汀州路二段211~240號,20.6,住,,,1090322,土地1建物1車位0,二層,七層,華廈(10層含以下有電梯),住家用,鋼筋混凝土造,0700310,106.42999999999999,3,2,2,有,無,17500000,164427,,0.0,0,含增建或未登記建物。;,RPUNMLNLMHPFFAA08CA
文山區,房地(土地+建物),臺北市文山區興隆路四段151~180號,15.09,住,,,1090305,土地1建物1車位0,一層，夾層,八層,店面(店鋪),商業用,鋼筋混凝土造,0851009,61.290000000000006,0,0,0,無,無,18600000,303475,,0.0,0,,RPUOMLMLMHPFFAA08CA
文山區,房地(土地+建物),臺北市文山區和平東路四段65巷27弄1~30號,98.34,住,,,1090327,土地1建物1車位0,全,三層,透天厝,住家用,鋼筋混凝土造,0760711,191.51,4,2,3,有,有,22200000,115921,,0.0,0,平台陽台露台增建本成交資訊係由不動產經紀業提供屬實,RPOPMLMLMHPFFAA57CA
文山區,房地(土地+建物),臺北市文山區萬隆街31~60號,27.29,住,,,1090223,土地1建物1車位0,五層,五層,公寓(5樓含以下無電梯),住家用,鋼筋混凝土造,0670921,111.07,3,2,2,有,無,11000000,99037,,0.0,0,含增建或未登記建物。;內含獨立產權公設，未包含在棟數內。,RPSOMLNLMHPFFAA97CA
中正區,房地(土地+建物)+車位,臺北市中正區?m門街121~150號,11.31,商,,,1090323,土地1建物1車位1,十一層,十二層,住宅大樓(11層含以上有電梯),見其他登記事項,鋼筋混凝土造,1070816,121.97,3,2,2,有,有,24300000,198089,升降機械,6.87,1500000,,RPUOMLNLMHPFFAA18CA
文山區,房地(土地+建物),臺北市文山區景文街61~90號,10.9,商,,,1090318,土地1建物1車位0,五層,十一層,套房(1房1廳1衛),見其他登記事項,鋼筋混凝土造,1050420,102.02000000000001,1,1,1,有,有,16020000,157028,,0.0,0,,RPTNMLOLMHPFFAA08CA
文山區,房地(土地+建物),臺北市文山區興隆路三段304巷91~120號,23.56,住,,,1090306,土地1建物1車位0,二層,七層,華廈(10層含以下有電梯),見其他登記事項,鋼筋混凝土造,1081016,88.94,2,2,1,有,有,14100000,158534,,0.0,0,,RPROMLOLMHPFFAA97CA
文山區,房地(土地+建物),臺北市文山區景興路271~300號,6.23,商,,,1090319,土地2建物1車位0,三層,十一層,住宅大樓(11層含以上有電梯),商業用,鋼筋混凝土造,0840419,59.59,2,1,2,有,有,8300000,139308,,0.0,0,含增建或未登記建物。;內含獨立產權公設，未包含在棟數內。,RPTNMLSLMHPFFAA48CA
文山區,建物,臺北市文山區和興路1~30號,0.0,,,,1090407,土地0建物1車位0,全,,透天厝,住家用,磚造,,63.82,4,3,2,有,無,5500000,86180,,0.0,0,,RPUNMLRLMHPFFAA48CA
文山區,房地(土地+建物),臺北市文山區木新路二段43巷1~30號,15.9,住,,,1090327,土地1建物1車位0,地下一層,十層,華廈(10層含以下有電梯),商業用,鋼筋混凝土造,0840509,60.790000000000006,1,1,1,有,無,5500000,90475,,0.0,0,,RPOOMLKMMHPFFAA37CA
文山區,房地(土地+建物),臺北市文山區木柵路四段159巷170弄1~30號,24.01,住,,,1090321,土地2建物1車位0,四層,五層,公寓(5樓含以下無電梯),住家用,鋼筋混凝土造,0711016,93.31,3,2,1,有,無,7600000,81449,,0.0,0,含增建或未登記建物。;,RPOPMLRJNHPFFAA97CA
文山區,建物,臺北市文山區景文街31~60號,0.0,,,,1090219,土地0建物1車位0,五層,五層,套房(1房1廳1衛),住家用,鋼筋混凝土造,0730117,48.87,4,0,4,有,無,2496000,51074,,0.0,0,親友、員工或其他特殊關係間之交易。;土地與祭祀公業有租約,RPUNMLNKNHPFFAA08CA
文山區,建物,臺北市文山區景文街31~60號,0.0,,,,1090219,土地0建物1車位0,四層,五層,套房(1房1廳1衛),住家用,鋼筋混凝土造,0730117,44.15,3,0,3,有,無,2184000,49468,,0.0,0,親友、員工或其他特殊關係間之交易。;土地與祭祀公業有租約,SPUNMLNKNHPFFAA18CA
文山區,房地(土地+建物),臺北市文山區景興路271~300號,5.65,商,,,1060719,土地3建物1車位0,十九層,二十七層,住宅大樓(11層含以上有電梯),見其他登記事項,鋼骨鋼筋混凝土造,1090110,65.52,0,0,0,無,無,12500000,190781,,0.0,0,,RPXNMLTKNHPFFAA98CA
文山區,房地(土地+建物),臺北市文山區景興路271~300號,7.13,商,,,1090228,土地3建物1車位0,十九層,二十七層,住宅大樓(11層含以上有電梯),見其他登記事項,鋼骨鋼筋混凝土造,1090110,82.67,0,0,0,無,無,16680000,201766,,0.0,0,,RPOOMLTKNHPFFAA18CA
文山區,房地(土地+建物),臺北市文山區景興路271~300號,5.68,商,,,1090307,土地3建物1車位0,二十五層,二十七層,住宅大樓(11層含以上有電梯),見其他登記事項,鋼骨鋼筋混凝土造,1090110,65.79,0,0,0,無,無,13350000,202918,,0.0,0,,RPPOMLTKNHPFFAA28CA
文山區,房地(土地+建物),臺北市文山區景興路271~300號,6.11,商,,,1090216,土地3建物1車位0,二十四層,二十七層,住宅大樓(11層含以上有電梯),見其他登記事項,鋼骨鋼筋混凝土造,1090110,70.7,0,0,0,無,無,14980000,211881,,0.0,0,,RPQOMLTKNHPFFAA38CA
文山區,房地(土地+建物)+車位,臺北市文山區景興路271~300號,9.09,商,,,1090227,土地3建物1車位2,二十五層,二十七層,住宅大樓(11層含以上有電梯),見其他登記事項,鋼骨鋼筋混凝土造,1090110,145.19,0,0,0,無,無,23250000,202630,坡道機械,43.28,2600000,,RPSOMLTKNHPFFAA58CA
文山區,房地(土地+建物),臺北市文山區景興路271~300號,6.49,商,,,1090226,土地3建物1車位0,十層,二十七層,住宅大樓(11層含以上有電梯),見其他登記事項,鋼骨鋼筋混凝土造,1090110,75.18,0,0,0,無,無,14150000,188215,,0.0,0,找補金額20497元正,RPQOMLKLNHPFFAA57CA
萬華區,房地(土地+建物),臺北市萬華區西藏路286巷1~30號,25.0,住,,,1090321,土地2建物1車位0,三層,四層,公寓(5樓含以下無電梯),住家用,鋼筋混凝土造,0670314,62.24,2,2,1,有,無,8350000,134158,,0.0,0,含增建或未登記建物。;,RPOOMLOLMHPFFBA77CA
中正區,房地(土地+建物),臺北市中正區杭州南路一段143巷1~30號,26.75,住,,,1090229,土地1建物1車位0,二層，陽台,四層,公寓(5樓含以下無電梯),住家用,鋼筋混凝土造,0641223,79.7,3,2,1,有,無,17380000,218068,,0.0,0,含增建或未登記建物。;,RPPOMLOLMHPFFBA87CA
大同區,房地(土地+建物)+車位,臺北市大同區民權西路211~240號,17.56,其他,,,1090309,土地3建物1車位1,十二層,十九層,住宅大樓(11層含以上有電梯),住家用,鋼筋混凝土造,1080625,224.97,4,2,2,有,有,46210000,235750,坡道平面,39.35,2450000,,RPVNMLRLMHPFFBA68CA
大同區,房地(土地+建物),臺北市大同區延平北路三段1~30號,9.65,其他,,,1090203,土地3建物1車位0,九層,十九層,住宅大樓(11層含以上有電梯),住家用,鋼筋混凝土造,1080625,101.91,3,2,2,有,有,23500000,230596,,0.0,0,,RPWNMLRLMHPFFBA78CA
萬華區,房地(土地+建物),臺北市萬華區長沙街二段121~150號,12.98,商,,,1090322,土地2建物1車位0,五層,十八層,住宅大樓(11層含以上有電梯),住家用,鋼筋混凝土造,1080304,144.01999999999998,3,2,2,有,有,23000000,159700,,0.0,0,,RPTOMLSLMHPFFBA68CA
萬華區,房地(土地+建物),臺北市萬華區德昌街185巷27弄1~30號,23.8,住,,,1090319,土地1建物1車位0,五層,五層,公寓(5樓含以下無電梯),住家用,鋼筋混凝土造,0710927,91.15,5,2,3,有,無,8760000,96105,,0.0,0,含增建或未登記建物。;,RPPQMLPJNHPFFBA08CA
萬華區,房地(土地+建物)+車位,臺北市萬華區民和街81巷1~30號,20.72,住,,,1090314,土地1建物1車位1,二層,十三層,住宅大樓(11層含以上有電梯),住家用,鋼筋混凝土造,1071105,148.8,2,2,2,有,有,20200000,163747,坡道平面,35.21,1600000,,RPVNMLSKNHPFFBA78CA
萬華區,房地(土地+建物)+車位,臺北市萬華區民和街81巷1~30號,21.03,住,,,1090321,土地1建物1車位1,五層,十三層,住宅大樓(11層含以上有電梯),住家用,鋼筋混凝土造,1071105,150.94,2,2,2,有,有,22180000,171764,坡道平面,35.21,2300000,,RPWNMLSKNHPFFBA88CA
中正區,房地(土地+建物),臺北市中正區桃源街1~30號,8.83,商,,,1090313,土地1建物1車位0,二層,八層,華廈(10層含以下有電梯),商業用,鋼筋混凝土造,0751224,75.75999999999999,2,1,1,有,有,12180000,160771,,0.0,0,含增建或未登記建物。;,RPPNMLPJNHPFFBA77CA
中山區,房地(土地+建物),臺北市中山區復興北路421~450號,8.25,住,,,1090322,土地2建物1車位0,七層,十二層,套房(1房1廳1衛),住家用,鋼筋混凝土造,0971015,47.43,1,1,1,有,有,11450000,241408,,0.0,0,含增建或未登記建物。;,RPPOMLOLMHPFFCA97CA
內湖區,車位,臺北市內湖區東湖路61~90號,1.04,商,,,1090415,土地0建物0車位1,地下二層,十層,其他,停車空間,鋼筋混凝土造,0861009,53.94,0,0,0,有,有,1600000,,坡道平面,0.0,1600000,,RPQOMLOLMHPFFCA08CA
內湖區,房地(土地+建物)+車位,臺北市內湖區文德路220巷31~60號,15.78,住,,,1090315,土地1建物1車位1,四層,九層,華廈(10層含以下有電梯),住家用,鋼筋混凝土造,0960330,120.33,3,1,1,有,有,21200000,176182,坡道平面,33.12,0,,RPXPMLOLMHPFFCA88CA
內湖區,房地(土地+建物),臺北市內湖區金龍路181~210號,28.64,住,,,1090413,土地1建物1車位0,三層,五層,公寓(5樓含以下無電梯),住家用,鋼筋混凝土造,0820717,76.84,3,1,1,有,無,10800000,140552,,0.0,0,,RPPRMLOLMHPFFCA28CA
內湖區,車位,臺北市內湖區大湖街131巷2弄1~30號,8.54,商,,,1090414,土地0建物0車位1,地下二層,十二層,其他,停車空間,鋼筋混凝土造,0851231,49.35,0,0,0,有,有,1970000,,坡道平面,49.35,1970000,,RPURMLNLMHPFFCA68CA
中山區,房地(土地+建物),臺北市中山區中山北路一段83巷1~30號,7.74,商,,,1090405,土地1建物1車位0,七層,七層,套房(1房1廳1衛),商業用,鋼筋混凝土造,0850613,48.519999999999996,0,0,0,無,有,8100000,166941,,0.0,0,含增建或未登記建物。;,RPWRMLNLMHPFFCA88CA
中山區,房地(土地+建物),臺北市中山區松江路25巷1~30號,5.8,住,,,1090312,土地1建物1車位0,二層,十一層,套房(1房1廳1衛),住家用,鋼筋混凝土造,0971118,30.700000000000003,1,1,1,有,有,7850000,255700,,0.0,0,含增建或未登記建物。;,RPTQMLNLMHPFFCA48CA
中山區,房地(土地+建物),臺北市中山區中山區農安街31~60號,4.19,商,,,1090303,土地1建物1車位0,五層,十層,套房(1房1廳1衛),住家用,鋼筋混凝土造,0680412,36.87,1,1,1,有,有,5150000,139680,,0.0,0,,RPXOMLRLMHPFFCA09CA
內湖區,房地(土地+建物),臺北市內湖區新豐街61~90號,31.4,住,,,1090303,土地1建物1車位0,三層,十層,華廈(10層含以下有電梯),住家用,鋼筋混凝土造,1040522,119.88,2,2,1,有,有,25380000,211712,,0.0,0,,RPXPMLRLMHPFFCA56CA
中山區,房地(土地+建物),臺北市中山區龍江路223巷1~30號,21.78,住,,,1090310,土地1建物1車位0,四層,五層,公寓(5樓含以下無電梯),住家用,鋼筋混凝土造,0790227,75.29,2,2,1,有,有,13400000,177978,,0.0,0,,RPORMLTLMHPFFCA68CA
中山區,房地(土地+建物),臺北市中山區新生北路二段31~60號,3.05,商,,,1090331,土地1建物1車位0,十四層,十七層,住宅大樓(11層含以上有電梯),住家用,鋼筋混凝土造,0850718,35.370000000000005,1,0,1,有,有,6560000,185468,,0.0,0,,RPQPMLSLMHPFFCA58CA
內湖區,房地(土地+建物),臺北市內湖區康樂街72巷17弄91~120號,17.25,住,,,1090325,土地2建物1車位0,二層,五層,公寓(5樓含以下無電梯),住家用,鋼筋混凝土造,0730917,60.879999999999995,4,2,2,有,無,6000000,98555,,0.0,0,親友、員工或其他特殊關係間之交易。;,RPPNMLLJNHPFFCA47CA
中山區,房地(土地+建物),臺北市中山區中山北路二段59巷1~30號,4.94,商,,,1090319,土地1建物1車位0,五層,十四層,套房(1房1廳1衛),商業用,鋼筋混凝土造,0880427,36.269999999999996,1,1,1,有,有,8250000,227461,,0.0,0,,RPPNMLOJNHPFFCA77CA
中山區,房地(土地+建物),臺北市中山區雙城街3巷1~30號,5.75,商,,,1090221,土地1建物1車位0,十三層,十五層,套房(1房1廳1衛),住家用,鋼筋混凝土造,0841201,38.24,1,1,1,有,有,7000000,183054,,0.0,0,,RPOPMLKLNHPFFCA67CA
內湖區,房地(土地+建物),臺北市內湖區東湖路43巷1~30號,18.48,商,,,1090310,土地1建物1車位0,十三層,十五層,住宅大樓(11層含以上有電梯),住家用,鋼筋混凝土造,0801204,134.9,4,2,2,有,有,21500000,159377,,0.0,0,含增建或未登記建物。;,RPUNMLPLNHPFFCA58CA
中山區,房地(土地+建物)+車位,臺北市中山區五常街11巷1~30號,15.96,住,,,1090408,土地2建物1車位1,十四層,十七層,住宅大樓(11層含以上有電梯),住家用,鋼筋混凝土造,1080918,142.74,2,1,1,有,有,28000000,246418,坡道平面,38.04,2200000,,RPPOMLLKNHPFFCA67CA
內湖區,房地(土地+建物),臺北市內湖區大湖山莊街211~240號,11.31,住,,,1090328,土地1建物1車位0,三層,十層,套房(1房1廳1衛),住家用,鋼筋混凝土造,0820729,43.38,1,1,1,有,有,6200000,142923,,0.0,0,,RPRNMLQJNHPFFCA18CA
中山區,房地(土地+建物),臺北市中山區長春路1~30號,17.13,商,,,1090331,土地1建物1車位0,九層,十一層,辦公商業大樓,商業用,鋼筋混凝土造,0671104,149.35,0,0,0,無,有,26000000,174088,,0.0,0,,RPVPMLQJNHPFFCA78CA
信義區,土地,三興段二小段301~330地號,11.28,其他,,,1090413,土地1建物0車位0,,,其他,,,,0.0,0,0,0,有,無,281638,24968,,0.0,0,包含公共設施保留地之交易。;,RPPPMLNLMHPFFDA08CA
南港區,房地(土地+建物),臺北市南港區舊莊街一段90巷1~30號,33.0,住,,,1090323,土地1建物1車位0,一層，平台,二層,公寓(5樓含以下無電梯),住家用,加強磚造,0611019,54.45,1,2,1,有,無,6580000,120845,,0.0,0,,RPUPMLNLMHPFFDA58CA
信義區,房地(土地+建物),臺北市信義區虎林街1~30號,22.0,商,,,1090327,土地1建物1車位0,一層，騎樓,四層,公寓(5樓含以下無電梯),工業用,鋼筋混凝土造,,72.35,2,1,1,有,無,23000000,317899,,0.0,0,,RPVPMLNLMHPFFDA68CA
南港區,房地(土地+建物),臺北市南港區福德街373巷1~30號,29.6,住,,,1090307,土地1建物1車位0,六層,十八層,住宅大樓(11層含以上有電梯),見其他登記事項,鋼筋混凝土造,0870521,175.14999999999998,4,2,2,有,有,22100000,126178,,0.0,0,含增建或未登記建物。;,RPPNMLOLMHPFFDA97CA
信義區,房地(土地+建物),臺北市信義區基隆路一段121~150號,3.81,商,,,1090407,土地2建物1車位0,四層,十三層,住宅大樓(11層含以上有電梯),見其他登記事項,鋼筋混凝土造,0950802,32.82,1,1,1,有,有,10400000,316880,,0.0,0,,RPQNMLOLMHPFFDA08CA
松山區,房地(土地+建物),臺北市松山區光復北路181~210號,81.23,住,,,1090306,土地1建物1車位0,十一層，十層,十七層,住宅大樓(11層含以上有電梯),住家用,鋼筋混凝土造,0770419,279.08,6,2,3,有,無,72500000,259782,,0.0,0,含增建或未登記建物。依仲介公司提供之資料登錄,RPWNMLOLMHPFFDA68CA
松山區,房地(土地+建物),臺北市松山區八德路四段601~630號,10.84,商,,,1090328,土地1建物1車位0,七層,十二層,套房(1房1廳1衛),住家用,鋼筋混凝土造,0770816,69.32000000000001,1,1,1,有,有,10280000,148298,,0.0,0,含增建或未登記建物。;,RPOOMLOLMHPFFDA97CA
信義區,房地(土地+建物),臺北市信義區吳興街600巷76弄91~120號,39.67,住,,,1090319,土地1建物1車位0,四層,五層,公寓(5樓含以下無電梯),住家用,鋼筋混凝土造,0711006,103.86,3,2,2,有,無,11845000,114048,,0.0,0,,RPUNMLSLMHPFFDA88CA
松山區,房地(土地+建物),臺北市松山區民生東路四段97巷4弄1~30號,55.6,住,,,1090205,土地4建物1車位0,一層,四層,公寓(5樓含以下無電梯),住家用,鋼筋混凝土造,,100.49,4,2,2,有,有,16000000,159220,,0.0,0,親友、員工或其他特殊關係間之交易。;二等親買賣,RPQOMLTLMHPFFDA68CA
松山區,房地(土地+建物),臺北市松山區南京東路四段133巷7弄1~30號,33.5,住,,,1090304,土地1建物1車位0,一層,四層,公寓(5樓含以下無電梯),,鋼筋混凝土造,,96.52,2,1,1,有,無,39800000,412350,,0.0,0,含增建或未登記建物。;,RPVOMLRJNHPFFDA88CA
南港區,房地(土地+建物),臺北市南港區南港路三段130巷3弄1~30號,63.57,工,,,1090322,土地1建物1車位0,四層,五層,公寓(5樓含以下無電梯),工業用,鋼筋混凝土造,0790501,201.0,2,2,2,有,無,27000000,134328,,0.0,0,含增建或未登記建物。;,RPSOMLKMMHPFFDA08CA
南港區,房地(土地+建物)+車位,臺北市南港區重陽路125巷31~60號,55.3,住,,,1090319,土地1建物1車位2,五層,九層,華廈(10層含以下有電梯),住家用,鋼筋混凝土造,0951214,288.74,4,2,2,有,有,43000000,148923,坡道平面,0.0,0,,RPOQMLMKNHPFFDA97CA
士林區,房地(土地+建物)+車位,臺北市士林區中正路655巷1~30號,24.25,住,,,1090322,土地1建物1車位1,十層,十五層,住宅大樓(11層含以上有電梯),住家用,鋼筋混凝土造,1030606,162.74,3,2,2,有,有,23000000,141330,坡道平面,30.52,0,含增建或未登記建物。;,RPRPMLNLMHPFFEA38CA
北投區,房地(土地+建物),臺北市北投區溫泉路121~150號,25.7,其他,,,1090223,土地2建物1車位0,三層,五層,公寓(5樓含以下無電梯),住家用,鋼筋混凝土造,0721116,98.12,3,2,1,有,無,7800000,79494,,0.0,0,含增建或未登記建物。;,RPTPMLNLMHPFFEA58CA
北投區,房地(土地+建物),臺北市北投區富貴一路1~30號,32.56,住,,,1090213,土地1建物1車位0,三層,九層,華廈(10層含以下有電梯),住家用,鋼筋混凝土造,0771118,219.25,4,2,2,有,有,39800000,181528,,0.0,0,含增建或未登記建物。;,RPUPMLNLMHPFFEA68CA
士林區,房地(土地+建物)+車位,臺北市士林區德行西路1~30號,76.67,工,,,1090108,土地1建物1車位8,十五層,十五層,廠辦,見其他登記事項,見其他登記事項,1080104,828.96,0,0,0,無,無,172800000,241968,坡道平面,178.46,15400000,,RPUNMLOLMHPFFEA58CA
北投區,房地(土地+建物),臺北市北投區光明路151~180號,14.89,其他,,,1090319,土地1建物1車位0,九層,十二層,住宅大樓(11層含以上有電梯),住家用,鋼筋混凝土造,0801213,116.28999999999999,2,1,1,有,有,15500000,133287,,0.0,0,陽台外推,RPVNMLOLMHPFFEA68CA
北投區,房地(土地+建物)+車位,臺北市北投區崗山路1~30號,40.35,住,,,1090326,土地1建物1車位1,一層,七層,華廈(10層含以下有電梯),住家用,鋼筋混凝土造,0801213,295.16999999999996,6,3,2,有,有,16800000,56916,升降平面,24.18,0,含增建或未登記建物。;,RPROMLOLMHPFFEA38CA
北投區,房地(土地+建物)+車位,臺北市北投區磺港路121~150號,26.95,住,,,1090318,土地1建物1車位1,二層,十八層,住宅大樓(11層含以上有電梯),住家用,鋼筋混凝土造,1080725,222.94,4,2,2,有,有,35000000,176977,坡道平面,38.17,2300000,,RPPNMLPLMHPFFEA18CA
北投區,房地(土地+建物)+車位,臺北市北投區磺港路121~150號,27.81,住,,,1081222,土地1建物1車位1,七層,十八層,住宅大樓(11層含以上有電梯),住家用,鋼筋混凝土造,1080725,228.83999999999997,4,2,2,有,有,38830000,190539,坡道平面,38.17,2500000,,RPQNMLPLMHPFFEA28CA
北投區,房地(土地+建物)+車位,臺北市北投區磺港路121~150號,21.9,住,,,1081218,土地1建物1車位1,十五層,十八層,住宅大樓(11層含以上有電梯),住家用,鋼筋混凝土造,1080725,188.35000000000002,3,2,2,有,有,29980000,185644,坡道平面,38.17,2100000,,RPTNMLPLMHPFFEA58CA
北投區,房地(土地+建物),臺北市北投區崇仁路一段131巷10弄1~30號,37.88,住,,,1090304,土地1建物1車位0,一層,五層,公寓(5樓含以下無電梯),住家用,鋼筋混凝土造,0751016,100.02,3,2,2,有,無,15000000,149970,,0.0,0,親友、員工或其他特殊關係間之交易。;,RPOOMLRLMHPFFEA38CA
北投區,房地(土地+建物),臺北市北投區致遠二路87巷31~60號,18.94,住,,,1090406,土地1建物1車位0,六層,八層,華廈(10層含以下有電梯),住家用,鋼筋混凝土造,1080909,90.82,2,2,1,有,有,19300000,212508,,0.0,0,,RPVOMLTLMHPFFEA66CA
北投區,房地(土地+建物),臺北市北投區致遠二路87巷31~60號,18.94,住,,,1090406,土地1建物1車位0,三層,八層,華廈(10層含以下有電梯),住家用,鋼筋混凝土造,1080909,90.82,2,2,1,有,有,18130000,199626,,0.0,0,,RPWOMLTLMHPFFEA76CA
士林區,房地(土地+建物),臺北市士林區天玉街31~60號,32.93,住,,,1090313,土地1建物1車位0,六層,七層,華廈(10層含以下有電梯),住家用,鋼筋混凝土造,0751219,152.68,4,2,2,有,無,30000000,196489,,0.0,0,,RPUNMLTLMHPFFEA09CA
北投區,房地(土地+建物),臺北市北投區天母西路101巷1~30號,43.25,住,,,1090410,土地3建物1車位0,四層,五層,公寓(5樓含以下無電梯),住家用,鋼筋混凝土造,0750305,119.85,3,2,2,有,無,24950000,208177,,0.0,0,親友、員工或其他特殊關係間之交易。;,RPPNMLLKNHPFFEA77CA
士林區,房地(土地+建物),臺北市士林區延平北路六段115巷31~60號,37.67,住,,,1080409,土地1建物1車位0,全,一層,透天厝,住家用,磚造,,6.17,0,0,0,無,無,6840000,1108590,,0.0,0,,RPVOMLRJNHPFFEA98CA
大安區,房地(土地+建物)+車位,臺北市大安區辛亥路二段31~60號,16.56,住,,,1090331,土地1建物2車位1,二十層,二十五層,住宅大樓(11層含以上有電梯),住家用,鋼筋混凝土造,0780221,272.35,5,1,3,有,有,66000000,242335,坡道平面,38.56,0,,RPQOMLPJNHPFFFA38CA
大安區,房地(土地+建物),臺北市大安區安和路一段127巷1~30號,38.16,住,,,1090206,土地2建物1車位0,三層,五層,公寓(5樓含以下無電梯),住家用,鋼筋混凝土造,0680412,119.19,3,2,2,有,無,26000000,218139,,0.0,0,親友、員工或其他特殊關係間之交易。;,RPRNMLSJNHPFFFA68CA
大安區,房地(土地+建物)+車位,臺北市大安區辛亥路二段31~60號,13.29,住,,,1090406,土地1建物1車位1,十四層,二十五層,住宅大樓(11層含以上有電梯),住家用,鋼筋混凝土造,0780221,224.76,4,2,2,有,有,51720000,258645,坡道平面,36.77,3100000,,RPORMLLKNHPFFFA18CA
大同區,房地(土地+建物),臺北市大同區蘭州街124巷31~60號,25.0,住,,,1090229,土地1建物1車位0,四層,四層,公寓(5樓含以下無電梯),住家用,鋼筋混凝土造,0651014,75.48,3,3,2,有,無,12000000,158983,,0.0,0,含增建或未登記建物。,RPQNMLQLMHPFFBA18DA
萬華區,房地(土地+建物),臺北市萬華區德昌街185巷61~90號,29.0,住,,,1090313,土地5建物1車位0,三層,五層,公寓(5樓含以下無電梯),住家用,鋼筋混凝土造,0660912,114.84,4,2,2,有,無,10000000,87078,,0.0,0,含增建或未登記建物。,RPXPMLTLMHPFFBA76DA
萬華區,房地(土地+建物),臺北市萬華區萬大路486巷11弄31~60號,28.25,住,,,1090321,土地1建物1車位0,三層，陽台,四層,公寓(5樓含以下無電梯),住家用,鋼筋混凝土造,,88.42,3,2,1,有,無,10900000,123275,,0.0,0,含增建或未登記建物,RPXNMLOLMHPFFBA68DA
文山區,房地(土地+建物)+車位,臺北市文山區秀明路一段185巷34弄1~30號,65.39,住,,,1090320,土地2建物1車位1,五層，六層,十層,華廈(10層含以下有電梯),住家用,鋼筋混凝土造,0800731,254.79,5,2,3,有,有,27980000,118371,坡道平面,35.3,2000000,含增建或未登記建物。,RPPNMLLJNHPFFAA37DA
文山區,房地(土地+建物),臺北市文山區羅斯福路五段97巷1~30號,26.35,住,,,1090310,土地2建物1車位0,四層,五層,公寓(5樓含以下無電梯),住家用,鋼筋混凝土造,0680913,93.83,3,2,1,有,有,12350000,131621,,0.0,0,含增建或未登記建物。,RPSOMLRLMHPFFAA48DA
中山區,房地(土地+建物),臺北市中山區松江路235巷31~60號,25.74,住,,,1090324,土地1建物2車位0,四層,七層,華廈(10層含以下有電梯),住家用,鋼筋混凝土造,0690324,143.35,4,2,2,有,有,28000000,195340,,0.0,0,含增建或未登記建物。;,RPWPMLNLMHPFFCA78DA
內湖區,房地(土地+建物),臺北市內湖區文湖街21巷100弄1~30號,31.56,住,,,1090316,土地1建物1車位0,二層,四層,公寓(5樓含以下無電梯),住家用,鋼筋混凝土造,0711217,95.53999999999999,4,2,1,有,無,11000000,115135,,0.0,0,含增建或未登記建物。,RPRNMLPLMHPFFCA28DA
信義區,房地(土地+建物),臺北市信義區基隆路二段1~30號,0.27,商,,,1090226,土地5建物1車位0,見使用執照,十二層,住宅大樓(11層含以上有電梯),見使用執照,鋼筋混凝土造,0690421,2.66,0,0,0,無,有,140000,52632,,0.0,0,,RPVNMLOLMHPFFDA68DA
南港區,房地(土地+建物)+車位,臺北市南港區經貿二路235巷31~60號,43.62,住,,,1090314,土地1建物1車位1,五層,十二層,住宅大樓(11層含以上有電梯),住家用,鋼筋混凝土造,0970627,203.7,3,2,2,有,有,36340000,206370,坡道平面,37.3,2000000,含增建或未登記建物。,RPUPMLPJNHPFFDA78DA
中山區,房地(土地+建物)+車位,臺北市中山區基湖路157巷1~30號,99.43,住,,,1090313,土地1建物1車位2,八層,十三層,住宅大樓(11層含以上有電梯),住家用,鋼筋混凝土造,0900227,345.24,4,2,4,有,有,131500000,493498,坡道平面,89.92,5500000,含增建或未登記建物。房地交易總價13150萬含車位拆分土地交易總價 120808436元、建物交易總價 10691564元。,RPVPMLOJNHPFFCA68DA
中山區,房地(土地+建物),臺北市中山區新生北路三段61~90號,10.99,住,,,1090319,土地1建物1車位0,五層,九層,華廈(10層含以下有電梯),住家用,鋼筋混凝土造,1080723,83.6,2,1,1,有,有,14800000,177033,,0.0,0,建商與地主合建案。;,RPUOMLPJNHPFFCA58DA
中山區,房地(土地+建物)+車位,臺北市中山區松江路61~90號,60.67,商,,,1090225,土地1建物2車位2,二層,十二層,店面(店鋪),商業用,鋼筋混凝土造,0741203,750.8699999999999,0,2,2,有,有,218000000,290330,升降平面,0.0,0,,RPSOMLTLMHPFFCA88DA
內湖區,房地(土地+建物)+車位,臺北市內湖區金湖路31~60號,27.68,住,,,1090313,土地1建物1車位1,十一層,十四層,住宅大樓(11層含以上有電梯),住家用,鋼筋混凝土造,0920930,160.42000000000002,3,2,2,有,有,34380000,252028,坡道平面,35.91,3000000,含增建或未登記建物。,RPVNMLLJNHPFFCA18DA
大安區,房地(土地+建物),臺北市大安區新生南路一段161巷31~60號,38.29,住,,,1090325,土地1建物1車位0,三層,六層,華廈(10層含以下有電梯),住家用,鋼筋混凝土造,0680501,178.76,5,2,2,有,無,48810000,273048,,0.0,0,含增建或未登記建物。,RPSOMLPJNHPFFFA68DA
大安區,土地,復興段一小段361~390地號,14.92,其他,,,1090413,土地1建物0車位0,,,其他,,,,0.0,0,0,0,有,無,915533,61363,,0.0,0,包含公共設施保留地之交易。;,RPTNMLSLMHPFFFA09DA
大安區,房地(土地+建物),臺北市大安區基隆路二段241~270號,27.1,其他,,,1090304,土地3建物1車位0,三層,七層,華廈(10層含以下有電梯),住家用,鋼筋混凝土造,0651213,126.86999999999999,3,2,2,有,有,23600000,186017,,0.0,0,含增建或未登記建物。,RPUNMLTLMHPFFFA66DA
北投區,房地(土地+建物),臺北市北投區石牌路一段39巷135弄1~30號,32.19,住,,,1090314,土地1建物1車位0,四層,五層,公寓(5樓含以下無電梯),住家用,鋼筋混凝土造,0730804,108.84,4,2,2,有,無,16000000,147005,,0.0,0,含增建或未登記建物。,RPQOMLLJNHPFFEA97DA
士林區,土地,福林段三小段601~630地號,43.02,住,,,1090320,土地1建物0車位0,,,其他,,,,0.0,0,0,0,有,無,15000000,348675,,0.0,0,親友、員工或其他特殊關係間之交易。;,RPWOMLNLMHPFFEA88DA
士林區,房地(土地+建物),臺北市士林區社子街22巷61~90號,22.67,住,,,1090318,土地1建物1車位0,六層,九層,華廈(10層含以下有電梯),住家用,鋼筋混凝土造,0830824,85.97,2,2,1,有,有,10800000,125611,,0.0,0,含增建或未登記建物。,RPPPMLNLMHPFFEA28DA
士林區,房地(土地+建物),臺北市士林區承德路四段361~390號,14.55,住,,,1090330,土地1建物1車位0,十一層,十二層,住宅大樓(11層含以上有電梯),住家用,鋼筋混凝土造,0770420,101.79,2,2,2,有,有,15500000,152274,,0.0,0,含增建或未登記建物。,RPRNMLQLMHPFFEA58DA
北投區,房地(土地+建物),臺北市北投區泉源路41巷31~60號,32.34,住,,,1090312,土地2建物1車位0,二層,五層,公寓(5樓含以下無電梯),住家用,鋼筋混凝土造,0740322,107.52,3,2,2,有,無,8380000,77939,,0.0,0,含增建或未登記建物。,RPSNMLQLMHPFFEA68DA
士林區,房地(土地+建物),臺北市士林區延平北路六段116巷15弄1~30號,30.97,住,,,1090331,土地1建物1車位0,四層,五層,公寓(5樓含以下無電梯),住家用,鋼筋混凝土造,0681129,111.41,2,2,1,有,無,9200000,82578,,0.0,0,,RPVOMLRLMHPFFEA56DA
北投區,土地,大業段四小段361~390地號,332.33,其他,,,1090413,土地3建物0車位0,,,其他,,,,0.0,0,0,0,有,無,5397312,16241,,0.0,0,包含公共設施保留地之交易。;,RPXOMLSLMHPFFEA86DA
士林區,土地,海光段一小段61~90地號,9.8,住,,,1090416,土地2建物0車位0,,,其他,,,,0.0,0,0,0,有,無,2600000,265306,,0.0,0,共有人承買，所有稅費由買受人繳納，買受人繳增值稅258593元,RPUPMLSLMHPFFEA66DA
士林區,土地,海光段一小段91~120地號,16.53,住,,,1090416,土地2建物0車位0,,,其他,,,,0.0,0,0,0,有,無,4400000,266183,,0.0,0,共有人承買，所有稅費由買受人繳納，買方繳增值稅436167元,RPVPMLSLMHPFFEA76DA
士林區,房地(土地+建物)+車位,臺北市士林區中正路451~480號,23.34,商,,,1090321,土地1建物1車位2,八層,十層,華廈(10層含以下有電梯),商業用,鋼筋混凝土造,0921203,194.15,4,2,3,有,有,38600000,288734,坡道平面,77.78,5000000,含增建或未登記建物。權利人共2人,RPRNMLPLMHPFFEA48DA
南港區,土地,中南段一小段361~390地號,52.83,其他,,,1090414,土地1建物0車位0,,,其他,,,,0.0,0,0,0,有,無,231110,4375,,0.0,0,向政府機關承購之案件。;,RPRNMLTKNHPFFDA78DA
信義區,土地,三興段一小段1051~1080地號,17.5,商,,,1090414,土地1建物0車位0,,,其他,,,,0.0,0,0,0,有,無,18400000,1051429,,0.0,0,,RPXOMLMLNHPFFDA88DA
大安區,房地(土地+建物),臺北市大安區復興南路二段151~180號,13.41,商,,,1090408,土地2建物1車位0,十二層,十二層,辦公商業大樓,住家用,鋼筋混凝土造,0730308,146.73,0,1,1,有,有,30000000,204457,,0.0,0,,RPVNMLOLMHPFFFA88DA
大安區,房地(土地+建物),臺北市大安區忠孝東路三段217巷6弄1~30號,28.43,住,,,1090316,土地1建物1車位0,四層,七層,華廈(10層含以下有電梯),住家用,鋼筋混凝土造,0620608,128.05,4,2,2,有,有,32500000,253807,,0.0,0,,RPRNMLRLMHPFFFA78DA
大安區,房地(土地+建物),臺北市大安區信義路三段134巷61~90號,22.85,住,,,1090321,土地1建物1車位0,十五層,十八層,住宅大樓(11層含以上有電梯),住家用,鋼筋混凝土造,0750415,117.67,3,2,2,有,有,26100000,221807,,0.0,0,含增建或未登記建物。,RPUNMLKMMHPFFFA48DA
大安區,房地(土地+建物),臺北市大安區青田街7巷12弄1~30號,47.0,住,,,1090316,土地2建物1車位0,三層，陽台,四層,公寓(5樓含以下無電梯),住家用,鋼筋混凝土造,0650309,161.67,4,2,2,有,無,35700000,220820,,0.0,0,含增建或未登記建物。,RPWOMLOJNHPFFFA98DA
內湖區,房地(土地+建物)+車位,臺北市內湖區新湖一路151~180號,115.99,工,,,1090408,土地1建物1車位3,五層,七層,廠辦,見其他登記事項,鋼筋混凝土造,0980623,442.08000000000004,2,1,0,有,有,47500000,120922,坡道平面,91.44,5100000,,RPWRMLTLMHPFFCA96DA
內湖區,房地(土地+建物),臺北市內湖區文德路66巷14弄1~30號,16.9,住,,,1090316,土地1建物1車位0,十三層,十六層,住宅大樓(11層含以上有電梯),住家用,鋼筋混凝土造,0831123,69.8,1,2,1,有,有,13470000,192980,,0.0,0,含增建或未登記建物。,RPSSMLSLMHPFFCA56DA
內湖區,房地(土地+建物),臺北市內湖區金湖路61~90號,27.58,住,,,1090309,土地4建物1車位0,四層,五層,公寓(5樓含以下無電梯),住家用,鋼筋混凝土造,0701224,105.9,3,2,2,有,無,14000000,132200,,0.0,0,含增建或未登記建物。,RPWUMLSLMHPFFCA17DA
信義區,車位,臺北市信義區基隆路二段31~60號,1.08,商,,,1090306,土地0建物0車位2,地下四層,十七層,其他,見使用執照,鋼骨混凝土造,0820519,63.65,0,0,0,有,有,7000000,,坡道平面,63.64,7000000,單獨車位交易。;,RPXPMLPJNHPFFDA09DA
信義區,房地(土地+建物),臺北市信義區基隆路二段31~60號,11.42,商,,,1090306,土地2建物1車位0,三層,十七層,辦公商業大樓,商業用,鋼骨混凝土造,0820519,171.05,1,1,0,有,有,34200000,199942,,0.0,0,含增建或未登記建物。;,RPUNMLMJNHPFFDA28DA
松山區,房地(土地+建物)+車位,臺北市松山區延壽街40巷1~30號,42.07,住,,,1090312,土地1建物1車位1,三層,十一層,住宅大樓(11層含以上有電梯),見其他登記事項,鋼筋混凝土造,0950524,171.25,3,2,2,有,有,28000000,163504,坡道平面,0.0,0,含增建或未登記建物。,RPPOMLLJNHPFFDA77DA
中山區,房地(土地+建物),臺北市中山區吉林路451~480號,36.5,住,,,1090306,土地1建物1車位0,四層,四層,公寓(5樓含以下無電梯),住家用,鋼筋混凝土造,0620612,122.72,5,2,1,有,無,16700000,136082,,0.0,0,含增建或未登記建物。,RPWPMLSLMHPFFCA66DA
內湖區,房地(土地+建物),臺北市內湖區民權東路六段90巷6弄1~30號,40.98,住,,,1081130,土地1建物1車位0,五層,五層,公寓(5樓含以下無電梯),住家用,鋼筋混凝土造,0691114,131.81,4,2,2,有,無,13380000,101510,,0.0,0,含增建或未登記建物。,RPVRMLOLMHPFFCA98DA
文山區,房地(土地+建物)+車位,臺北市文山區政大三街91~120號,54.27,住,,,1090309,土地1建物1車位1,五層,五層,華廈(10層含以下有電梯),住家用,鋼筋混凝土造,0990106,133.05,2,2,1,有,有,20000000,167535,坡道平面,25.61,2000000,含增建或未登記建物。,RPUNMLTLMHPFFAA78DA
大同區,房地(土地+建物),臺北市大同區敦煌路61~90號,24.25,住,,,1090323,土地1建物1車位0,二層,四層,公寓(5樓含以下無電梯),住家用,鋼筋混凝土造,0640919,80.39,4,2,1,有,無,11000000,136833,,0.0,0,含增建或未登記建物。,RPTQMLTLMHPFFBA09DA
大安區,房地(土地+建物),臺北市大安區信義路四段1~30號,5.15,其他,,,1090307,土地1建物1車位0,十六層,十八層,辦公商業大樓,商業用,見使用執照,0880505,58.47,1,1,1,有,有,17000000,290747,,0.0,0,親友、員工或其他特殊關係間之交易。;,RPPOMLKMMHPFFFA97CA
北投區,房地(土地+建物),臺北市北投區大業路280巷21弄1~30號,31.75,住,,,1090307,土地1建物1車位0,三層,四層,公寓(5樓含以下無電梯),住家用,鋼筋混凝土造,0660408,84.3,3,2,1,有,無,11300000,134045,,0.0,0,陽台外推,RPQOMLLLNHPFFEA08CA
大安區,房地(土地+建物),臺北市大安區市民大道四段1~30號,13.2,住,,,1090316,土地1建物1車位0,四層,五層,公寓(5樓含以下無電梯),住家用,鋼筋混凝土造,,56.43,2,2,1,有,無,12000000,212653,,0.0,0,,RPQOMLOLMHPFFFA38CA
大安區,房地(土地+建物),臺北市大安區通化街200巷1~30號,14.19,住,,,1090314,土地1建物1車位0,五層，六層,六層,華廈(10層含以下有電梯),住家用,鋼筋混凝土造,0771209,60.2,6,2,3,有,無,9000000,149502,,0.0,0,親友、員工或其他特殊關係間之交易。;,RPRNMLQLMHPFFFA58CA
大安區,房地(土地+建物),臺北市大安區大安路一段51巷1~30號,51.25,商,,,1090312,土地1建物1車位0,四層,四層,公寓(5樓含以下無電梯),,加強磚造,,123.25,6,0,6,有,無,29000000,235294,,0.0,0,含增建或未登記建物。;,RPWNMLRLMHPFFFA56CA
大安區,房地(土地+建物),臺北市大安區仁愛路四段61~90號,11.3,其他,,,1090217,土地2建物1車位0,十四層,十四層,住宅大樓(11層含以上有電梯),住家用,鋼筋混凝土造,0661212,70.43,2,1,1,有,有,19000000,269771,,0.0,0,親友、員工或其他特殊關係間之交易。;,RPPOMLRLMHPFFFA58CA
北投區,房地(土地+建物)+車位,臺北市北投區福美路181~210號,48.86,其他,,,1090326,土地1建物1車位1,九層,十層,華廈(10層含以下有電梯),見其他登記事項,鋼筋混凝土造,1061116,190.34,4,2,2,有,有,4890717,25695,坡道平面,43.62,0,親友、員工或其他特殊關係間之交易。;,RPWOMLRJNHPFFEA09CA
北投區,建物,臺北市北投區中央北路二段173巷1~30號,0.0,,,,1090406,土地0建物1車位1,三層,七層,華廈(10層含以下有電梯),住家用,鋼筋混凝土造,1081203,91.17,3,2,2,有,有,0,0,坡道平面,15.96,0,建商與地主合建案。;,RPVPMLSKNHPFFEA66CA
北投區,建物,臺北市北投區中央北路二段173巷1~30號,0.0,,,,1090406,土地0建物1車位1,七層,七層,華廈(10層含以下有電梯),住家用,鋼筋混凝土造,1081203,52.41,3,2,2,有,有,0,0,坡道平面,9.18,0,建商與地主合建案。;,SPVPMLSKNHPFFEA76CA
北投區,房地(土地+建物)+車位,臺北市北投區中央北路二段173巷1~30號,0.02,住,,,1090406,土地1建物1車位1,三層,七層,華廈(10層含以下有電梯),住家用,鋼筋混凝土造,1081203,91.17,3,2,2,有,有,0,0,坡道平面,15.96,0,建商與地主合建案。;,RPWPMLSKNHPFFEA76CA
北投區,建物,臺北市北投區中央北路二段173巷1~30號,0.0,,,,1090406,土地0建物1車位1,七層,七層,華廈(10層含以下有電梯),住家用,鋼筋混凝土造,1081203,52.41,3,2,2,有,有,0,0,坡道平面,9.18,0,建商與地主合建案。;,SPWPMLSKNHPFFEA86CA
北投區,房地(土地+建物)+車位,臺北市北投區中央南路二段1~30號,17.38,工,,,1090314,土地1建物1車位1,十八層,十九層,其他,見其他登記事項,鋼筋混凝土造,1040828,140.09,0,0,0,無,有,17800000,127061,坡道平面,36.91,0,,RPXOMLOKNHPFFEA98CA
北投區,房地(土地+建物),臺北市北投區杏林二路61~90號,25.1,住,,,1090317,土地1建物1車位0,四層,五層,公寓(5樓含以下無電梯),住家用,鋼筋混凝土造,0741017,110.6,3,2,2,有,無,9500000,85895,,0.0,0,,RPUNMLPKNHPFFEA68CA
北投區,房地(土地+建物)+車位,臺北市北投區石牌路一段39巷80弄1~30號,41.7,住,,,1090318,土地1建物1車位1,二層,九層,華廈(10層含以下有電梯),住家用,鋼骨鋼筋混凝土造,0910617,190.19,4,2,2,有,有,34680000,182344,坡道平面,0.0,0,,RPROMLSLMHPFFEA78CA
北投區,房地(土地+建物)+車位,臺北市北投區裕民六路91~120號,5.49,商,,,1090331,土地1建物1車位1,十一層,二十四層,住宅大樓(11層含以上有電梯),見其他登記事項,見其他登記事項,1070420,66.45,4,2,2,有,有,6594980,99247,坡道平面,0.0,0,親友、員工或其他特殊關係間之交易。;祖孫買賣,RPTOMLSLMHPFFEA98CA
北投區,房地(土地+建物)+車位,臺北市北投區豐年路一段31~60號,42.98,住,,,1090321,土地1建物1車位1,一層,十二層,住宅大樓(11層含以上有電梯),住家用,鋼筋混凝土造,0990727,194.06,4,2,2,有,有,32500000,189597,坡道平面,35.83,2500000,,RPUNMLLJNHPFFEA18CA
士林區,房地(土地+建物)+車位,臺北市士林區基河路211~240號,39.06,住,,,1090119,土地1建物1車位1,九層,十二層,住宅大樓(11層含以上有電梯),住家用,鋼筋混凝土造,0840811,173.36,3,2,2,有,有,28000000,161514,坡道平面,0.0,0,含增建或未登記建物。;,RPPOMLRLMHPFFEA48CA
士林區,土地,芝山段一小段361~390地號,81.02,其他,,,1090326,土地1建物0車位0,,,其他,,,,0.0,0,0,0,有,無,4250000,52456,,0.0,0,,RPQOMLRLMHPFFEA58CA
士林區,房地(土地+建物),臺北市士林區福國路91~120號,16.43,商,,,1090402,土地1建物1車位0,二層,十四層,住宅大樓(11層含以上有電梯),住家用,鋼筋混凝土造,0680503,122.17999999999999,3,2,2,有,有,19800000,162056,,0.0,0,,RPROMLRLMHPFFEA68CA
北投區,房地(土地+建物),臺北市北投區大興街24巷4弄1~30號,27.17,住,,,1090328,土地3建物1車位0,三層,四層,公寓(5樓含以下無電梯),住家用,鋼筋混凝土造,0681224,90.74,3,2,1,有,無,12000000,132246,,0.0,0,,RPQPMLRLMHPFFEA68CA
北投區,房地(土地+建物),臺北市北投區文化三路151~180號,36.6,住,,,1090314,土地2建物1車位0,四層,七層,華廈(10層含以下有電梯),住家用,鋼筋混凝土造,0750312,114.87,3,2,2,有,有,12100000,105336,,0.0,0,含增建或未登記建物。;,RPQNMLRLMHPFFEA48CA
北投區,房地(土地+建物),臺北市北投區石牌路二段315巷34弄1~30號,9.87,住,,,1090321,土地1建物1車位0,六層,七層,套房(1房1廳1衛),住家用,鋼筋混凝土造,1080121,39.44,1,1,1,有,有,8460000,214503,,0.0,0,,RPRNMLRLMHPFFEA58CA
士林區,房地(土地+建物),臺北市士林區大南路391~420號,21.32,住,,,1090326,土地2建物1車位0,七層,十層,華廈(10層含以下有電梯),住家用,鋼筋混凝土造,0790728,114.15,3,2,2,有,有,16800000,147175,,0.0,0,含增建或未登記建物。;,RPSNMLRLMHPFFEA68CA
北投區,房地(土地+建物),臺北市北投區石牌路二段315巷34弄1~30號,10.25,住,,,1090314,土地1建物1車位0,二層,七層,套房(1房1廳1衛),住家用,鋼筋混凝土造,1080121,40.8,1,1,1,有,有,9080000,222549,,0.0,0,,RPUNMLRLMHPFFEA88CA
北投區,房地(土地+建物)+車位,臺北市北投區中央南路二段1~30號,9.22,工,,,1090323,土地1建物1車位1,十一層,十九層,其他,見其他登記事項,鋼筋混凝土造,1040828,89.03,0,0,0,無,有,8800000,98843,坡道平面,36.91,0,,RPWNMLRLMHPFFEA09CA
士林區,房地(土地+建物),臺北市士林區芝玉路一段197巷31~60號,33.73,住,,,1090324,土地1建物1車位0,五層,五層,公寓(5樓含以下無電梯),住家用,鋼筋混凝土造,0740819,118.16,3,2,2,有,無,13880000,117468,,0.0,0,含增建或未登記建物。;,RPXOMLOLMHPFFEA98CA
南港區,房地(土地+建物)+車位,臺北市南港區南港路三段301~330號,11.09,商,,,1090312,土地1建物1車位1,十一層,十一層,住宅大樓(11層含以上有電梯),見其他登記事項,鋼筋混凝土造,1070822,106.30000000000001,0,0,0,無,有,19380000,232755,其他,30.77,1800000,總價含車位款180萬,RPRPMLRLMHPFFDA68CA
松山區,房地(土地+建物),臺北市松山區三民路96巷1~30號,33.0,住,,,1090228,土地2建物1車位0,陽台，四層,四層,公寓(5樓含以下無電梯),住家用,鋼筋混凝土造,0630313,85.59,3,2,2,有,無,20480000,239280,,0.0,0,含增建或未登記建物。;,RPWPMLRJNHPFFDA09CA
信義區,房地(土地+建物),臺北市信義區基隆路一段121~150號,13.56,商,,,1090229,土地1建物1車位0,十層,十二層,住宅大樓(11層含以上有電梯),商業用,鋼筋混凝土造,0700325,136.04999999999998,3,2,2,有,有,23200000,170526,,0.0,0,親友、員工或其他特殊關係間之交易。;本買賣案件係屬二親等間特殊交易，其交易價格可能異於市場正常交易價格。,RPOPMLMLNHPFFDA97CA
信義區,房地(土地+建物)+車位,臺北市信義區信義路五段91巷1~30號,56.87,其他,,,1090409,土地1建物1車位1,八層,二十七層,住宅大樓(11層含以上有電梯),住家用,鋼骨鋼筋混凝土造,0960621,373.22,4,2,4,有,有,162880000,436418,坡道平面,32.81,0,,RPQNMLSLMHPFFDA48CA
南港區,房地(土地+建物)+車位,臺北市南港區忠孝東路六段121~150號,4.44,住,,,1090309,土地1建物1車位1,七層,十四層,住宅大樓(11層含以上有電梯),住家用,鋼筋混凝土造,1000110,35.33,1,1,1,有,有,9380000,265497,塔式車位,2.07,0,,RPTNMLSLMHPFFDA78CA
松山區,房地(土地+建物),臺北市松山區市民大道五段121~150號,14.07,住,,,1090324,土地2建物1車位0,三層，陽台,四層,公寓(5樓含以下無電梯),住家用,鋼筋混凝土造,0651108,38.15,3,2,1,有,無,5000000,131062,,0.0,0,親友、員工或其他特殊關係間之交易。;,RPUNMLRLMHPFFDA78CA
信義區,土地,信義段二小段31~60地號,20.8,其他,,,1090330,土地4建物0車位0,,,其他,,,,0.0,0,0,0,有,無,900000,43269,,0.0,0,,RPOOMLRLMHPFFDA28CA
信義區,房地(土地+建物),臺北市信義區光復南路421~450號,11.69,商,,,1090313,土地1建物1車位0,九層,十二層,住宅大樓(11層含以上有電梯),住家用,鋼筋混凝土造,0710226,123.17,3,2,2,有,有,29000000,235447,,0.0,0,含增建或未登記建物。;,RPSOMLRLMHPFFDA68CA
中山區,房地(土地+建物),臺北市中山區天祥路86巷1~30號,17.33,商,,,1090407,土地2建物1車位0,二層,四層,公寓(5樓含以下無電梯),住家用,加強磚造,0580618,41.17,2,1,1,有,無,4500000,109303,,0.0,0,親友、員工或其他特殊關係間之交易。;,RPPNMLQJNHPFFCA97CA
中山區,房地(土地+建物)+車位,臺北市中山區民權東路一段61~90號,6.92,商,,,1080902,土地1建物1車位1,三層,十二層,住宅大樓(11層含以上有電梯),見其他登記事項,鋼骨鋼筋混凝土造,1090120,110.33000000000001,0,0,0,無,有,19750000,247864,升降平面,38.92,2050000,,RPWRMLPLNHPFFCA56CA
內湖區,房地(土地+建物),臺北市內湖區成功路三段157巷1~30號,27.3,住,,,1090319,土地2建物1車位0,四層,五層,公寓(5樓含以下無電梯),住家用,鋼筋混凝土造,0690603,87.3,3,2,1,有,無,11400000,130584,,0.0,0,,RPUWMLKMMHPFFCA98CA
內湖區,車位,臺北市內湖區金湖路125及121~150號,4.49,住,,,1090407,土地0建物0車位3,地下三層，地下四層,二十六層,其他,停車空間,見其他登記事項,1011121,97.63,0,0,0,有,有,7500000,,坡道平面,97.63,7500000,,RPPVMLKMMHPFFCA38CA
內湖區,房地(土地+建物),臺北市內湖區康寧路一段214巷1~30號,21.56,住,,,1090212,土地2建物1車位0,二層,五層,公寓(5樓含以下無電梯),住家用,鋼筋混凝土造,0750319,78.08,2,2,2,有,無,13000000,166496,,0.0,0,含增建或未登記建物。;,RPVVMLKMMHPFFCA98CA
內湖區,房地(土地+建物)+車位,臺北市內湖區洲子街91~120號,67.48,其他,,,1090311,土地1建物1車位1,三層，見使用執照,十層,廠辦,工業用,鋼筋混凝土造,0871015,287.66999999999996,0,0,0,無,有,44000000,152953,坡道平面,32.28,0,,RPPQMLOJNHPFFCA08CA
中山區,房地(土地+建物),臺北市中山區林森北路421~450號,11.8,商,,,1090320,土地1建物1車位0,六層，電梯樓梯間,九層,華廈(10層含以下有電梯),商業用,鋼筋混凝土造,0850604,113.81,2,2,1,有,無,16800000,147614,,0.0,0,,RPPPMLPJNHPFFCA08CA
中山區,房地(土地+建物)+車位,臺北市中山區南京東路二段91~120號,3.46,其他,,,1090228,土地3建物1車位1,六層,十八層,套房(1房1廳1衛),住家用,見其他登記事項,0990917,86.69,1,1,1,有,有,14500000,167263,升降平面,38.52,0,,RPOQMLSLMHPFFCA48CA
內湖區,房地(土地+建物)+車位,臺北市內湖區內湖路二段31~60號,23.7,住,,,1090405,土地1建物1車位1,二層,八層,華廈(10層含以下有電梯),住家用,鋼筋混凝土造,1021206,151.79000000000002,2,1,1,有,有,25000000,164701,坡道平面,38.97,0,,RPURMLTLMHPFFCA66CA
中正區,房地(土地+建物)+車位,臺北市中正區忠孝東路一段151~180號,10.3,商,,,1090408,土地1建物1車位1,十一層,十三層,住宅大樓(11層含以上有電梯),見其他登記事項,鋼筋混凝土造,1080807,125.80000000000001,3,2,2,有,有,39300000,352146,塔式車位,20.73,2300000,,RPSPMLMLNHPFFBA18CA
中山區,房地(土地+建物)+車位,臺北市中山區明水路511~540號,36.95,住,,,1090324,土地1建物1車位1,二層,十五層,住宅大樓(11層含以上有電梯),住家用,鋼筋混凝土造,0821222,193.26999999999998,5,1,2,有,有,38200000,197661,坡道平面,0.0,0,含增建或未登記建物。;,RPPQMLRLMHPFFCA48CA
中山區,房地(土地+建物),臺北市中山區林森北路391~420號,3.06,商,,,1090401,土地1建物1車位0,六層,十二層,套房(1房1廳1衛),商業用,鋼筋混凝土造,0710531,34.81,0,0,0,無,有,3750000,107728,,0.0,0,,RPXNMLSLMHPFFCA09CA
內湖區,房地(土地+建物)+車位,臺北市內湖區民權東路六段121~150號,4.87,商,,,1090328,土地1建物1車位1,七層,十二層,套房(1房1廳1衛),住家用,鋼筋混凝土造,0960621,54.28,1,1,1,有,有,9600000,176861,塔式車位,0.0,0,,RPOOMLSLMHPFFCA28CA
內湖區,房地(土地+建物)+車位,臺北市內湖區新明路428巷1~30號,13.66,住,,,1090323,土地1建物1車位1,十三層,二十層,住宅大樓(11層含以上有電梯),住家用,鋼筋混凝土造,1080506,114.97,2,2,1,有,有,18000000,156563,坡道平面,30.74,0,,RPXOMLSLMHPFFCA56CA
中山區,房地(土地+建物),臺北市中山區北安路621巷6弄1~30號,26.12,住,,,1090327,土地1建物1車位0,三層,四層,公寓(5樓含以下無電梯),住家用,鋼筋混凝土造,0651204,104.8,3,1,1,有,無,17000000,162214,,0.0,0,,RPSNMLRLMHPFFCA48CA
中山區,房地(土地+建物),臺北市中山區新生北路一段31~60號,54.0,商,,,1090227,土地1建物1車位0,全,二層,透天厝,,加強磚造,,73.96,0,0,0,無,無,62280000,842077,,0.0,0,含增建部分一併移轉,RPWNMLRLMHPFFCA88CA
中山區,土地,正義段一小段841~870地號,4.0,商,,,1090227,土地1建物0車位0,,,其他,,,,0.0,0,0,0,有,無,4320000,1080000,,0.0,0,,RPXNMLRLMHPFFCA98CA
中山區,房地(土地+建物),臺北市中山區新生北路一段31~60號,54.0,商,,,1090227,土地1建物1車位0,全,二層,透天厝,,加強磚造,,75.68,3,1,2,有,無,62280000,822939,,0.0,0,含增建部分一併移轉,RPPOMLRLMHPFFCA28CA
中山區,土地,正義段一小段841~870地號,4.0,商,,,1090227,土地1建物0車位0,,,其他,,,,0.0,0,0,0,有,無,4320000,1080000,,0.0,0,,RPROMLRLMHPFFCA48CA
中山區,房地(土地+建物),臺北市中山區中山北路一段61~90號,3.01,商,,,1090324,土地1建物1車位0,四層,十三層,套房(1房1廳1衛),商業用,鋼筋混凝土造,0980327,33.97,1,1,1,有,有,7900000,232558,,0.0,0,含增建或未登記建物。;,RPSOMLRLMHPFFCA58CA
內湖區,房地(土地+建物),臺北市內湖區內湖路一段323巷14弄1~30號,26.08,住,,,1090308,土地1建物1車位0,三層,五層,公寓(5樓含以下無電梯),住家用,鋼筋混凝土造,0700511,115.17999999999999,3,2,2,有,無,15900000,138045,,0.0,0,含增建或未登記建物。;,RPTOMLRLMHPFFCA68CA
中山區,房地(土地+建物),臺北市中山區中山北路一段53巷1~30號,4.54,商,,,1090317,土地1建物1車位0,七層,七層,華廈(10層含以下有電梯),住家用,鋼筋混凝土造,0711108,33.33,1,1,1,有,有,1800000,54005,,0.0,0,親友、員工或其他特殊關係間之交易。;含增建或未登記建物。;,RPWOMLRLMHPFFCA98CA
內湖區,土地,碧山段一小段451~480地號,67.58,其他,,,1090416,土地1建物0車位0,,,其他,,,,0.0,0,0,0,有,無,674520,9981,,0.0,0,,RPURMLOLMHPFFCA78CA
內湖區,房地(土地+建物),臺北市內湖區民權東路六段121~150號,5.0,商,,,1090319,土地1建物1車位0,四層,十二層,套房(1房1廳1衛),住家用,鋼筋混凝土造,0960621,49.120000000000005,1,1,1,有,有,8980000,182818,,0.0,0,陽台外推,RPWQMLOLMHPFFCA88CA
中山區,房地(土地+建物),臺北市中山區大直街61~90號,37.0,住,,,1090408,土地1建物1車位0,二層,四層,公寓(5樓含以下無電梯),住家用,鋼筋混凝土造,0670111,107.23,3,2,2,有,無,20000000,186515,,0.0,0,,RPRPMLOLMHPFFCA28CA
中正區,房地(土地+建物),臺北市中正區忠孝東路一段151~180號,5.01,商,,,1090314,土地1建物1車位0,八層,十三層,套房(1房1廳1衛),見其他登記事項,鋼筋混凝土造,1080807,51.47,1,1,1,有,有,17720000,344278,,0.0,0,,RPVNMLSJNHPFFBA68CA
中正區,房地(土地+建物)+車位,臺北市中正區忠孝東路一段151~180號,5.49,商,,,1090408,土地1建物1車位1,十層,十三層,套房(1房1廳1衛),見其他登記事項,鋼筋混凝土造,1080807,75.97,1,1,1,有,有,22880000,372556,塔式車位,20.73,2300000,,RPTOMLSJNHPFFBA58CA
大同區,房地(土地+建物),臺北市大同區重慶北路二段151~180號,9.6,商,,,1090327,土地1建物1車位0,四層,十五層,住宅大樓(11層含以上有電梯),住家用,鋼筋混凝土造,1080529,96.95,2,1,1,有,有,18350000,189273,,0.0,0,,RPTOMLKMMHPFFBA97CA
大同區,房地(土地+建物)+車位,臺北市大同區涼州街1~30號,12.75,住,,,1090326,土地1建物1車位1,三層,十五層,住宅大樓(11層含以上有電梯),見其他登記事項,鋼筋混凝土造,1000318,135.20999999999998,2,1,1,有,有,22500000,208703,坡道平面,39.38,2500000,,RPPNMLOJNHPFFBA67CA
大同區,房地(土地+建物),臺北市大同區南京西路151~180號,5.66,商,,,1090331,土地1建物1車位0,九層,十一層,住宅大樓(11層含以上有電梯),住商用,鋼筋混凝土造,0660822,58.580000000000005,2,1,1,有,有,10400000,177535,,0.0,0,,RPXNMLOJNHPFFBA48CA
中正區,房地(土地+建物),臺北市中正區臨沂街13巷1~30號,19.83,住,,,1090215,土地2建物1車位0,三層,五層,公寓(5樓含以下無電梯),住家用,鋼筋混凝土造,0641208,84.41,2,2,2,有,無,21000000,248786,,0.0,0,,RPTPMLSLMHPFFBA78CA
大同區,房地(土地+建物),臺北市大同區環河北路一段61~90號,22.91,住,,,1090214,土地5建物1車位0,十層,十二層,住宅大樓(11層含以上有電梯),住家用,鋼筋混凝土造,0710630,168.54000000000002,4,2,2,有,有,23800000,141213,,0.0,0,含增建或未登記建物。;,RPOPMLRLMHPFFBA18CA
萬華區,房地(土地+建物),臺北市萬華區東園街91~120號,43.2,商,,,1090311,土地1建物1車位0,全,三層,透天厝,見其他登記事項,加強磚造,0480618,96.6,0,3,1,有,無,19000000,196687,,0.0,0,,RPUOMLRLMHPFFBA68CA
萬華區,房地(土地+建物),臺北市萬華區寶興街91~120號,24.5,住,,,1090314,土地1建物1車位0,四層,四層,公寓(5樓含以下無電梯),住家用,鋼筋混凝土造,0680301,100.37,4,0,4,有,無,12300000,122547,,0.0,0,含增建或未登記建物。;,RPVOMLRLMHPFFBA78CA
大同區,房地(土地+建物),臺北市大同區伊寧街75巷12弄1~30號,26.5,住,,,1090319,土地1建物1車位0,三層,五層,公寓(5樓含以下無電梯),住家用,鋼筋混凝土造,0700115,89.05,3,2,1,有,無,8600000,96575,,0.0,0,含增建或未登記建物。;,RPTNMLRLMHPFFBA48CA
中正區,房地(土地+建物),臺北市中正區寧波西街91~120號,13.69,住,,,1081231,土地2建物1車位0,三層,三層,公寓(5樓含以下無電梯),,加強磚造,,35.1,2,1,1,有,無,4880000,139031,,0.0,0,親友、員工或其他特殊關係間之交易。;,RPXNMLLLNHPFFAA28CA
文山區,土地,老泉段二小段271~300地號,147.38,其他,,,1081226,土地1建物0車位0,,,其他,,,,0.0,0,0,0,有,無,580000,3935,,0.0,0,,RPWNMLPJNHPFFAA38CA
文山區,土地,老泉段二小段271~300地號,88.25,其他,,,1081226,土地1建物0車位0,,,其他,,,,0.0,0,0,0,有,無,348000,3943,,0.0,0,,RPXNMLPJNHPFFAA48CA
文山區,房地(土地+建物),臺北市文山區興隆路三段207巷18弄1~30號,25.85,住,,,1090315,土地1建物1車位0,四層,五層,公寓(5樓含以下無電梯),住家用,鋼筋混凝土造,0730830,101.09,3,2,2,有,無,7600000,75181,,0.0,0,含增建或未登記建物。;,RPSNMLTLMHPFFAA48CA
文山區,房地(土地+建物),臺北市文山區羅斯福路五段79巷1~30號,35.02,商,,,1090316,土地1建物1車位0,四層,五層,華廈(10層含以下有電梯),住家用,鋼筋混凝土造,1030616,125.84,2,1,2,有,有,21160000,168150,,0.0,0,,RPSNMLKMMHPFFAA67CA
文山區,房地(土地+建物),臺北市文山區興隆路二段233巷6弄1~30號,29.55,住,,,1090223,土地12建物1車位0,五層,五層,公寓(5樓含以下無電梯),住家用,鋼筋混凝土造,0690530,118.30000000000001,3,2,2,有,無,13700000,115807,,0.0,0,含增建或未登記建物。;,RPPNMLTLMHPFFAA18CA
文山區,房地(土地+建物),臺北市文山區萬美街二段2巷1~30號,64.27,住,,,1090313,土地1建物1車位0,十層,十二層,住宅大樓(11層含以上有電梯),見其他登記事項,鋼筋混凝土造,0720916,99.62,2,2,1,有,有,11060000,111022,,0.0,0,含增建或未登記建物。;,RPVOMLOLMHPFFAA38CA
中正區,車位,臺北市中正區牯嶺街91~120號,0.13,住,,,1090401,土地0建物0車位1,一層,五層,其他,住家用,鋼筋混凝土造,0961031,0.02,0,0,0,有,有,1100000,,塔式車位,0.02,1100000,,RPRNMLRLMHPFFAA18CA
文山區,房地(土地+建物)+車位,臺北市文山區興隆路二段61巷1~30號,37.87,住,,,1081227,土地1建物1車位1,四層,十一層,住宅大樓(11層含以上有電梯),住家用,鋼筋混凝土造,0980505,218.15,4,2,2,有,有,37080000,169983,坡道平面,44.68,0,含增建或未登記建物。;共有人數2人。內含獨立產權車位，未包含在棟數內。,RPQNMLTLMHPFFAA28CA
文山區,房地(土地+建物)+車位,臺北市文山區木新路三段95巷31~60號,32.62,住,,,1090301,土地1建物1車位1,十六層,二十一層,住宅大樓(11層含以上有電梯),住家用,鋼骨鋼筋混凝土造,0961031,223.54,3,2,2,有,有,37500000,167755,坡道平面,39.36,0,含增建或未登記建物。;,RPRNMLTLMHPFFAA38CA
文山區,房地(土地+建物)+車位,臺北市文山區羅斯福路五段61~90號,13.09,商,,,1090229,土地3建物1車位1,四層,十層,套房(1房1廳1衛),見其他登記事項,鋼筋混凝土造,0941228,98.0,1,1,1,有,有,15080000,153862,坡道平面,0.0,0,含增建或未登記建物。;內含獨立產權車位，未包含在棟數內。,RPQOMLRLMHPFFAA18CA
文山區,房地(土地+建物),臺北市文山區秀明路二段61~90號,39.13,住,,,1090323,土地1建物1車位0,三層,五層,公寓(5樓含以下無電梯),住家用,鋼筋混凝土造,0701231,124.28,4,2,2,有,無,13800000,111040,,0.0,0,,RPRNMLSLMHPFFAA28CA
文山區,車位,臺北市文山區辛亥路四段77巷92弄1~30號,2.04,住,,,1090311,土地0建物0車位1,,,其他,,,,36.26,0,0,0,有,有,1800000,,坡道平面,36.26,1800000,單獨車位交易。;,RPWNMLSLMHPFFAA78CA
文山區,房地(土地+建物),臺北市文山區景福街151~180號,12.71,住,,,1090309,土地1建物1車位0,三層,四層,公寓(5樓含以下無電梯),住家用,鋼筋混凝土造,0620607,33.99,3,2,1,有,無,4000000,117682,,0.0,0,親友、員工或其他特殊關係間之交易。;,RPTNMLKMMHPFFAA77CA
文山區,房地(土地+建物),臺北市文山區景福街151~180號,25.42,住,,,1090309,土地1建物1車位0,三層,四層,公寓(5樓含以下無電梯),住家用,鋼筋混凝土造,0620607,67.98,3,2,1,有,無,8000000,117682,,0.0,0,親友、員工或其他特殊關係間之交易。;,RPUNMLKMMHPFFAA87CA
中正區,房地(土地+建物),臺北市中正區和平西路一段1~30號,6.89,商,,,1090409,土地2建物1車位0,五層,十四層,住宅大樓(11層含以上有電梯),見其他登記事項,見其他登記事項,1080425,69.9,2,1,1,有,有,20380000,291559,,0.0,0,,RPTPMLLLNHPFFAA08CA
中正區,房地(土地+建物)+車位,臺北市中正區和平西路一段1~30號,5.83,商,,,1090409,土地2建物1車位1,十四層,十四層,套房(1房1廳1衛),見其他登記事項,見其他登記事項,1080425,71.53999999999999,1,1,1,有,有,18500000,286409,坡道機械,13.93,2000000,,RPUPMLLLNHPFFAA18CA
大同區,房地(土地+建物),臺北市大同區延平北路二段247巷1~30號,5.57,商,,,1090318,土地1建物1車位0,六層,七層,套房(1房1廳1衛),住家用,鋼筋混凝土造,0961212,33.480000000000004,1,1,1,有,有,6250000,186679,,0.0,0,,RPSOMLRLMHPFFBA48CA
大同區,房地(土地+建物),臺北市大同區迪化街二段180巷1~30號,15.25,住,,,1090317,土地1建物1車位0,四層,四層,公寓(5樓含以下無電梯),,加強磚造,0580730,51.31,1,1,1,有,無,6200000,120834,,0.0,0,親友、員工或其他特殊關係間之交易。;,RPRPMLRLMHPFFBA48CA
萬華區,土地,莒光段三小段571~600地號,36.0,商,,,1090414,土地3建物0車位0,,,其他,,,,0.0,0,0,0,有,無,14157000,393250,,0.0,0,,RPSPMLSLMHPFFBA68CA
大同區,房地(土地+建物)+車位,臺北市大同區延平北路四段294巷1~30號,22.34,住,,,1090407,土地1建物1車位1,二層,十三層,住宅大樓(11層含以上有電梯),住家用,鋼筋混凝土造,1050615,105.06,2,1,1,有,有,13880000,132115,坡道機械,17.21,0,含增建或未登記建物。;,RPUNMLSLMHPFFBA68CA
萬華區,房地(土地+建物),臺北市萬華區大理街170巷1~30號,14.2,其他,,,1090317,土地1建物1車位0,五層,七層,華廈(10層含以下有電梯),住家用,鋼筋混凝土造,0701224,90.07,2,2,1,有,有,11300000,125458,,0.0,0,含增建或未登記建物。;,RPQQMLTLMHPFFBA68CA
大同區,房地(土地+建物)+車位,臺北市大同區歸綏街181~210號,6.7,商,,,1090317,土地2建物1車位1,七層,十層,套房(1房1廳1衛),商業用,鋼筋混凝土造,0840905,89.42,1,1,1,有,有,9000000,100660,升降平面,37.85,0,親友、員工或其他特殊關係間之交易。;,RPPPMLSJNHPFFBA28CA
萬華區,房地(土地+建物)+車位,臺北市萬華區內江街61~90號,17.39,商,,,1090228,土地1建物1車位1,六層,十四層,住宅大樓(11層含以上有電梯),住家用,鋼筋混凝土造,1060104,232.59999999999997,4,2,1,有,有,47100000,213515,坡道機械,16.69,1000000,,RPRNMLPJNHPFFBA97CA
萬華區,房地(土地+建物)+車位,臺北市萬華區內江街31~60號,13.17,商,,,1090228,土地1建物1車位1,五層,十四層,住宅大樓(11層含以上有電梯),住家用,鋼筋混凝土造,1060104,177.45,3,2,1,有,有,33600000,199951,坡道機械,14.41,1000000,,RPTNMLPJNHPFFBA18CA
萬華區,房地(土地+建物),臺北市萬華區萬大路481~510號,52.25,住,,,1090322,土地1建物1車位0,全,二層,透天厝,,加強磚造,,115.89,3,2,2,有,無,14100000,121667,,0.0,0,親友、員工或其他特殊關係間之交易。;,RPUOMLMKNHPFFBA18CA
萬華區,房地(土地+建物),臺北市萬華區民和街81巷1~30號,13.01,住,,,1090313,土地1建物1車位0,四層,十三層,住宅大樓(11層含以上有電梯),住家用,鋼筋混凝土造,1071105,83.49,2,2,1,有,有,13380000,160259,,0.0,0,,RPQNMLMLNHPFFBA77CA
內湖區,房地(土地+建物),臺北市內湖區康寧路三段99巷39弄61~90號,16.43,住,,,1090314,土地1建物1車位0,五層,七層,套房(1房1廳1衛),住家用,鋼筋混凝土造,0820426,48.55,1,1,1,有,有,7200000,148301,,0.0,0,含增建或未登記建物。;,RPTQMLRLMHPFFCA88CA
中山區,房地(土地+建物),臺北市中山區松江路140巷1~30號,23.97,住,,,1090330,土地1建物1車位0,三層,五層,華廈(10層含以下有電梯),住家用,鋼筋混凝土造,0781215,88.03,1,2,1,有,無,18800000,213564,,0.0,0,含增建或未登記建物。;,RPVPMLRLMHPFFCA98CA
中山區,房地(土地+建物),臺北市中山區農安街125巷31~60號,17.27,住,,,1090317,土地1建物1車位0,三層,七層,華廈(10層含以下有電梯),住家用,鋼筋混凝土造,1070517,66.92,1,1,1,有,有,14200000,212194,,0.0,0,含增建或未登記建物。;,RPWNMLTLMHPFFCA09CA
中山區,房地(土地+建物)+車位,臺北市中山區新生北路三段1~30號,6.46,住,,,1090318,土地3建物2車位1,八層,十二層,套房(1房1廳1衛),商業用,鋼筋混凝土造,0950209,62.79,1,1,1,有,有,13500000,215002,坡道機械,0.0,0,,RPSPMLTLMHPFFCA88CA
內湖區,土地,西湖段四小段1~30地號,40.38,其他,,,1090417,土地1建物0車位0,,,其他,,,,0.0,0,0,0,有,無,16483500,408210,,0.0,0,,RPXPMLSLMHPFFCA66CA
中山區,房地(土地+建物)+車位,臺北市中山區長安東路一段56巷7弄1~30號,35.18,商,,,1090401,土地1建物1車位1,三層,五層,華廈(10層含以下有電梯),住家用,鋼筋混凝土造,1080307,173.26999999999998,3,2,2,有,有,34430000,198707,升降平面,31.68,0,建商與地主合建案。;,RPSNMLSLMHPFFCA58CA
中山區,房地(土地+建物),臺北市中山區新生北路二段137巷31~60號,101.0,住,,,1090320,土地2建物4車位0,一層,四層,公寓(5樓含以下無電梯),住家用,加強磚造,,251.79,6,4,3,有,無,67215500,266951,,0.0,0,含增建或未登記建物。;,RPOQMLPJNHPFFCA08CA
中山區,房地(土地+建物),臺北市中山區新生北路二段137巷31~60號,100.0,住,,,1090320,土地1建物1車位0,全,二層,透天厝,,加強磚造,,155.24,2,3,1,有,無,66550000,428691,,0.0,0,含增建或未登記建物。;,RPQQMLPJNHPFFCA28CA
中山區,房地(土地+建物),臺北市中山區松江路511~540號,27.9,住,,,1090311,土地1建物1車位0,七層,七層,華廈(10層含以下有電梯),住家用,鋼筋混凝土造,0731208,137.47,3,2,2,有,無,23800000,173129,,0.0,0,,RPQQMLOJNHPFFCA18CA
內湖區,房地(土地+建物),臺北市內湖區陽光街161巷1~30號,30.44,住,,,1090301,土地1建物1車位0,三層,五層,套房(1房1廳1衛),住家用,鋼筋混凝土造,1080716,59.120000000000005,1,1,1,有,有,12610000,213295,,0.0,0,,RPWVMLKMMHPFFCA09CA
內湖區,房地(土地+建物)+車位,臺北市內湖區陽光街161巷1~30號,30.5,住,,,1090317,土地1建物1車位1,三層,五層,套房(1房1廳1衛),住家用,鋼筋混凝土造,1080716,61.64,1,1,1,有,有,13900000,213090,塔式車位,2.51,1300000,,RPXVMLKMMHPFFCA56CA
內湖區,房地(土地+建物)+車位,臺北市內湖區陽光街161巷1~30號,22.1,住,,,1081105,土地1建物1車位1,一層,五層,套房(1房1廳1衛),住家用,鋼筋混凝土造,1080716,45.28,1,1,1,有,有,10970000,226093,塔式車位,2.51,1300000,,RPSVMLKMMHPFFCA68CA
內湖區,房地(土地+建物),臺北市內湖區陽光街161巷1~30號,21.17,住,,,1090122,土地1建物1車位0,四層,五層,套房(1房1廳1衛),住家用,鋼筋混凝土造,1080716,41.07,1,1,1,有,有,9200000,224008,,0.0,0,,RPUVMLKMMHPFFCA88CA
中山區,土地,榮星段三小段151~180地號,16.5,其他,,,1090414,土地1建物0車位0,,,其他,,,,0.0,0,0,0,有,無,1329900,80600,,0.0,0,包含公共設施保留地之交易。;,RPQNMLRLNHPFFCA38CA
中山區,房地(土地+建物)+車位,臺北市中山區明水路511~540號,34.94,住,,,1090306,土地1建物1車位1,六層,十五層,住宅大樓(11層含以上有電梯),住家用,鋼筋混凝土造,0821222,184.44,3,2,2,有,有,39300000,213089,坡道平面,0.0,2500000,含增建或未登記建物。;,RPRNMLTJNHPFFCA48CA
中山區,房地(土地+建物),臺北市中山區新生北路二段137巷1~30號,100.0,住,,,1090320,土地1建物1車位0,全,二層,透天厝,,加強磚造,,162.56,4,4,2,有,無,54450000,334953,,0.0,0,,RPWNMLQJNHPFFCA68CA
南港區,土地,玉成段二小段181~210地號,83.37,工,,,1090320,土地1建物0車位0,,,其他,,,,0.0,0,0,0,有,無,25219700,302503,,0.0,0,,RPOPMLRLMHPFFDA38CA
中山區,房地(土地+建物),臺北市中山區松江路156巷1~30號,94.0,住,,,1090306,土地1建物1車位0,全,二層,透天厝,,加強磚造,,119.9,4,2,2,有,無,54000000,450375,,0.0,0,,RPUPMLSKNHPFFCA98CA
松山區,車位,臺北市松山區民權東路三段151~180號,0.19,住,,,1090415,土地0建物0車位1,地下六層,十五層,其他,停車空間,見使用執照,0911001,49.04,0,0,0,有,有,2650000,,坡道平面,49.04,2650000,,RPSOMLSLMHPFFDA78CA
南港區,房地(土地+建物)+車位,臺北市南港區興南街151~180號,39.45,住,,,1090318,土地1建物1車位1,九層,十二層,住宅大樓(11層含以上有電梯),住家用,鋼筋混凝土造,1010813,254.32999999999998,4,2,2,有,有,40880000,160736,坡道平面,44.37,0,,RPWOMLSLMHPFFDA56CA
松山區,房地(土地+建物),臺北市松山區八德路二段361~390號,8.02,商,,,1090102,土地1建物2車位0,二層,十二層,辦公商業大樓,商業用,鋼筋混凝土造,0750115,83.57,0,0,0,無,有,13900000,166328,,0.0,0,,RPUPMLSLMHPFFDA09CA
松山區,房地(土地+建物),臺北市松山區八德路二段361~390號,5.44,商,,,1090102,土地1建物1車位0,二層,十二層,辦公商業大樓,商業用,鋼筋混凝土造,0750115,56.49,0,0,0,無,有,9400000,166401,,0.0,0,,RPVPMLSLMHPFFDA56CA
松山區,房地(土地+建物)+車位,臺北市松山區民生東路三段91~120號,14.13,商,,,1090320,土地1建物1車位1,十一層,十二層,住宅大樓(11層含以上有電梯),住家用,鋼筋混凝土造,0730723,104.39,4,2,2,有,有,23000000,220328,坡道平面,0.0,0,親友、員工或其他特殊關係間之交易。;,RPOOMLTLMHPFFDA48CA
信義區,房地(土地+建物),臺北市信義區永吉路331~360號,14.53,商,,,1090313,土地2建物1車位0,四層,十四層,住宅大樓(11層含以上有電梯),商業用,鋼筋混凝土造,0750815,130.28,3,2,2,有,有,27200000,208781,,0.0,0,,RPPOMLTLMHPFFDA58CA
松山區,房地(土地+建物),臺北市松山區八德路三段155巷26弄1~30號,39.0,住,,,1090310,土地1建物1車位0,四層，陽台,四層,公寓(5樓含以下無電梯),住家用,鋼筋混凝土造,0630723,109.57,5,2,2,有,無,19030000,173679,,0.0,0,含增建或未登記建物。;後陽台部分外推、頂樓增建,RPOPMLLKNHPFFDA77CA
松山區,房地(土地+建物),臺北市松山區八德路三段106巷1~30號,10.15,住,,,1090329,土地2建物1車位0,八層,十層,套房(1房1廳1衛),住家用,鋼筋混凝土造,0850517,42.61,1,1,1,有,有,11000000,258155,,0.0,0,,RPTOMLKMMHPFFDA18CA
松山區,房地(土地+建物),臺北市松山區八德路三段211~240號,12.96,商,,,1090320,土地1建物1車位0,九層,十三層,辦公商業大樓,見其他登記事項,鋼骨鋼筋混凝土造,0910924,136.28,0,0,0,無,有,31200000,228940,,0.0,0,含增建或未登記建物。;,RPOQMLTLMHPFFDA68CA
信義區,車位,臺北市信義區松隆路1~30號,0.16,住,,,1090413,土地0建物0車位1,地下層,九層,其他,見使用執照,鋼筋混凝土造,0770401,35.07,0,0,0,有,無,2080000,,坡道平面,0.0,2080000,單獨車位交易。;,RPQOMLQJNHPFFDA28CA
松山區,房地(土地+建物)+車位,臺北市松山區健康路325巷24弄1~30號,19.64,住,,,1090206,土地1建物1車位1,八層,十二層,住宅大樓(11層含以上有電梯),見其他登記事項,鋼筋混凝土造,1041229,183.16000000000003,3,2,2,有,有,39000000,212929,坡道平面,37.83,0,,RPVQMLPJNHPFFDA88CA
北投區,房地(土地+建物),臺北市北投區尊賢街241~270號,32.75,住,,,1090410,土地1建物1車位0,三層,四層,公寓(5樓含以下無電梯),住家用,鋼筋混凝土造,0640109,105.0,3,2,1,有,無,13500000,128571,,0.0,0,陽台外推本成交資訊係由不動產經紀業提供屬實,RPVPMLRLMHPFFEA56CA
北投區,房地(土地+建物),臺北市北投區溫泉路65巷1~30號,5.81,其他,,,1090409,土地3建物1車位0,五層,七層,套房(1房1廳1衛),住家用,鋼筋混凝土造,0840704,27.75,0,0,0,無,有,3300000,118919,,0.0,0,陽台外推本成交資訊係由不動產經紀業提供屬實,RPWPMLRLMHPFFEA66CA
北投區,房地(土地+建物)+車位,臺北市北投區公?路209巷1~30號,67.07,住,,,1090313,土地3建物1車位1,一層,五層,華廈(10層含以下有電梯),住家用,鋼筋混凝土造,1031230,131.14000000000001,3,2,2,有,有,22500000,171572,坡道機械,9.77,0,含增建或未登記建物。;,RPSNMLSLMHPFFEA78CA
士林區,房地(土地+建物),臺北市士林區通河東街一段200巷1~30號,31.87,住,,,1090323,土地7建物1車位0,一層,五層,公寓(5樓含以下無電梯),住家用,鋼筋混凝土造,0690226,156.31,0,0,0,無,無,21300000,136268,,0.0,0,,RPTNMLSLMHPFFEA88CA
士林區,土地,溪洲段三小段721~750地號,133.74,其他,,,1090417,土地3建物0車位0,,,其他,,,,0.0,0,0,0,有,無,6311000,47189,,0.0,0,,RPOOMLSLMHPFFEA48CA
北投區,房地(土地+建物),臺北市北投區懷德街61~90號,35.48,住,,,1090327,土地1建物1車位0,三層,五層,公寓(5樓含以下無電梯),住家用,鋼筋混凝土造,0671003,116.71,3,2,2,有,無,14000000,119955,,0.0,0,,RPQOMLSLMHPFFEA68CA
士林區,房地(土地+建物),臺北市士林區社子街98巷1~30號,17.11,住,,,1090403,土地1建物2車位0,七層,九層,華廈(10層含以下有電梯),住家用,鋼筋混凝土造,0830824,79.7,2,1,2,有,有,9740000,122208,,0.0,0,,RPROMLTLMHPFFEA88CA
士林區,房地(土地+建物),臺北市士林區德行東路266巷1~30號,33.66,住,,,1090214,土地3建物1車位0,五層,五層,公寓(5樓含以下無電梯),住家用,鋼筋混凝土造,0700216,120.71,4,2,2,有,無,13000000,107696,,0.0,0,親友、員工或其他特殊關係間之交易。;,RPVOMLOJNHPFFEA68CA
松山區,房地(土地+建物),臺北市松山區敦化北路165巷31~60號,38.96,住,,,1081231,土地3建物1車位0,二層，陽台,四層,公寓(5樓含以下無電梯),住家用,鋼筋混凝土造,0620315,110.12,3,2,2,有,無,13830000,125590,,0.0,0,親友、員工或其他特殊關係間之交易。;,RPOOMLKLNHPFFDA67CA
大安區,房地(土地+建物),臺北市大安區和平東路三段1巷31~60號,19.94,住,,,1090330,土地1建物1車位0,十層,十五層,住宅大樓(11層含以上有電梯),住家用,鋼筋混凝土造,0740522,102.97,3,2,1,有,有,21380000,207633,,0.0,0,含增建或未登記建物。;,RPPNMLSLMHPFFFA58CA
大安區,房地(土地+建物),臺北市大安區敦化南路二段121~150號,23.36,其他,,,1090303,土地1建物1車位0,一層，騎樓,十六層,店面(店鋪),商業用,鋼筋混凝土造,0680219,248.46,0,0,0,無,有,112000000,450777,,0.0,0,,RPRNMLSLMHPFFFA78CA
大安區,房地(土地+建物),臺北市大安區復興南路二段271~300號,9.18,商,,,1090316,土地1建物1車位0,六層,十二層,住宅大樓(11層含以上有電梯),商業用,鋼筋混凝土造,0731228,112.71000000000001,2,2,2,有,有,27880000,247360,,0.0,0,含增建或未登記建物。;,RPOOMLSLMHPFFFA58CA
大安區,房地(土地+建物),臺北市大安區信義路四段331~360號,19.67,住,,,1081024,土地2建物1車位0,二層,十二層,辦公商業大樓,商業用,鋼筋混凝土造,0750714,151.83,0,0,0,無,無,38121900,251083,,0.0,0,,RPQOMLSLMHPFFFA78CA
士林區,房地(土地+建物)+車位,臺北市士林區大南路361~390號,162.88,工,,,1090409,土地4建物1車位2,八層,九層,廠辦,工業用,鋼筋混凝土造,0790511,855.3,0,0,0,無,有,100432000,124025,坡道平面,77.78,4000000,,RPRPMLPLNHPFFEA68CA
大安區,車位,臺北市大安區富陽街151~180號,1.43,住,,,1090415,土地0建物0車位1,地下三層,十二層,其他,停車空間,鋼筋混凝土造,0940506,42.02,0,0,0,有,有,2100000,,坡道平面,26.67,2100000,,RPUOMLSLMHPFFFA56CA
大安區,房地(土地+建物),臺北市大安區泰順街40巷10弄1~30號,29.5,住,,,1090315,土地2建物1車位0,三層,四層,公寓(5樓含以下無電梯),住家用,鋼筋混凝土造,0660712,78.61,4,0,4,有,無,15000000,190815,,0.0,0,含增建或未登記建物。;,RPUOMLOKNHPFFFA78CA
大安區,房地(土地+建物),臺北市大安區敦化南路二段31~60號,6.76,其他,,,1090308,土地1建物1車位0,十一層，陽台,十六層,住宅大樓(11層含以上有電梯),住家用,鋼筋混凝土造,,81.77,3,2,1,有,有,22014150,269220,,0.0,0,,RPPNMLMLNHPFFFA08CA
文山區,房地(土地+建物),臺北市文山區興隆路一段251巷3弄1~30號,34.5,其他,,,1090229,土地1建物1車位0,一層，露台,四層,公寓(5樓含以下無電梯),住家用,鋼筋混凝土造,0630403,94.02,2,2,2,有,無,17200000,182940,,0.0,0,含增建或未登記建物。,RPTOMLRLMHPFFAA58DA
大同區,房地(土地+建物)+車位,臺北市大同區民權西路211~240號,13.77,其他,,,1090311,土地3建物1車位1,四層,十九層,住宅大樓(11層含以上有電梯),住家用,鋼筋混凝土造,1080625,184.91,3,2,2,有,有,33500000,210910,坡道平面,39.35,2800000,,RPWOMLLKNHPFFBA38DA
大同區,房地(土地+建物)+車位,臺北市大同區延平北路三段1~30號,9.27,其他,,,1090313,土地3建物1車位1,十七層,十九層,住宅大樓(11層含以上有電梯),住家用,鋼筋混凝土造,1080625,117.74,2,1,1,有,有,24100000,232487,坡道機械,19.67,1300000,,RPXOMLLKNHPFFBA48DA
大同區,房地(土地+建物),臺北市大同區南京西路301~330號,2.21,商,,,1090217,土地3建物1車位0,十層,十二層,套房(1房1廳1衛),住家用,鋼筋混凝土造,0691028,25.55,1,0,1,有,有,3750000,146771,,0.0,0,含增建或未登記建物。,RPOOMLMKNHPFFBA67DA
中山區,房地(土地+建物),臺北市中山區農安街1~30號,5.41,商,,,1090222,土地1建物1車位0,四層,十一層,辦公商業大樓,商業用,鋼筋混凝土造,0931117,40.58,0,1,1,有,有,11380000,280434,,0.0,0,含增建或未登記建物。,RPQNMLSLMHPFFCA48DA
松山區,房地(土地+建物),臺北市松山區民生東路五段69巷29弄1~30號,33.57,住,,,1090317,土地1建物1車位0,三層,五層,公寓(5樓含以下無電梯),住家用,鋼筋混凝土造,0671230,120.82000000000001,4,2,2,有,無,25680000,212548,,0.0,0,含增建或未登記建物。,RPQNMLOJNHPFFDA08DA
南港區,房地(土地+建物),臺北市南港區興南街61~90號,37.0,住,,,1090410,土地2建物1車位0,三層,四層,公寓(5樓含以下無電梯),住家用,加強磚造,0580417,66.62,2,1,1,有,無,8390000,125938,,0.0,0,,RPQOMLPJNHPFFDA28DA
內湖區,房地(土地+建物)+車位,臺北市內湖區金湖路367巷3弄1~30號,32.36,住,,,1081204,土地1建物1車位1,九層,十層,華廈(10層含以下有電梯),住家用,鋼筋混凝土造,0950321,182.70999999999998,4,2,2,有,有,33760000,231128,坡道平面,47.46,2500000,含增建或未登記建物。,RPTNMLLJNHPFFCA97DA
中山區,車位,臺北市中山區農安街1~30號,1.15,商,,,1090401,土地0建物0車位1,一層,十四層,其他,商業用,鋼筋混凝土造,0980622,24.27,0,0,0,有,有,1550000,,坡道平面,24.27,1550000,,RPWNMLLJNHPFFCA28DA
內湖區,車位,臺北市內湖區民權東路六段211~240號,0.0,,,,1090401,土地0建物0車位1,,,其他,,,,31.82,0,0,0,有,有,2350000,,坡道平面,31.82,2350000,單獨車位交易。;,RPXNMLLJNHPFFCA38DA
中山區,房地(土地+建物),臺北市中山區明水路631~660號,42.6,商,,,1090203,土地1建物4車位0,二層,十層,其他,商業用,鋼筋混凝土造,0961011,144.9,1,2,1,有,有,32000000,220842,,0.0,0,含增建或未登記建物。,RPUPMLQLNHPFFCA98DA
中山區,房地(土地+建物),臺北市中山區新生北路三段61~90號,8.52,商,,,1090324,土地1建物1車位0,八層,十一層,住宅大樓(11層含以上有電梯),住家用,鋼筋混凝土造,0710227,82.46,2,2,1,有,有,12500000,151589,,0.0,0,含增建或未登記建物。,RPOPMLMKNHPFFCA87DA
大安區,房地(土地+建物)+車位,臺北市大安區仁愛路三段5巷1弄1~30號,36.71,住,,,1090309,土地1建物1車位1,三層,五層,公寓(5樓含以下無電梯),住家用,鋼筋混凝土造,0840515,138.73,2,2,1,有,無,30280000,218266,升降機械,0.0,0,含增建或未登記建物。,RPVOMLPJNHPFFFA98DA
士林區,房地(土地+建物),臺北市士林區福華路128巷1弄1~30號,21.25,住,,,1090217,土地1建物1車位0,四層,四層,公寓(5樓含以下無電梯),住家用,鋼筋混凝土造,0601231,73.48,0,2,1,有,無,12000000,163310,,0.0,0,含增建或未登記建物。,RPPOMLLJNHPFFEA87DA
士林區,房地(土地+建物),臺北市士林區基河路211~240號,11.97,住,,,1090316,土地2建物1車位0,三層,七層,套房(1房1廳1衛),住家用,鋼筋混凝土造,0850919,40.5,0,1,1,有,有,8150000,201235,,0.0,0,,RPPOMLPJNHPFFEA28DA
北投區,房地(土地+建物),臺北市北投區公館路331~360號,19.76,住,,,1090326,土地1建物1車位0,四層,七層,華廈(10層含以下有電梯),住家用,鋼筋混凝土造,1030619,75.71000000000001,1,1,1,有,無,10980000,145027,,0.0,0,,RPTOMLNKNHPFFEA58DA
士林區,房地(土地+建物),臺北市士林區中興街31~60號,40.6,住,,,1090313,土地1建物1車位0,四層,五層,公寓(5樓含以下無電梯),住家用,鋼筋混凝土造,0730703,146.83,4,2,2,有,無,23580000,160594,,0.0,0,含增建或未登記建物。,RPPOMLTLMHPFFEA78DA
士林區,房地(土地+建物),臺北市士林區天母東路105巷31~60號,48.06,住,,,1090321,土地2建物1車位0,三層,五層,公寓(5樓含以下無電梯),住家用,鋼筋混凝土造,0680517,128.9,4,2,2,有,無,15500000,120248,,0.0,0,含增建或未登記建物。,RPUOMLSLMHPFFEA56DA
士林區,房地(土地+建物),臺北市士林區永平街9巷1~30號,20.4,商,,,1090417,土地1建物1車位0,五層,五層,公寓(5樓含以下無電梯),住家用,鋼筋混凝土造,0690910,53.72,2,1,1,有,無,6150000,114483,,0.0,0,親友、員工或其他特殊關係間之交易。;,RPSPMLTLMHPFFEA56DA
內湖區,土地,東湖段七小段301~330地號,30.83,商,,,1090220,土地1建物0車位0,,,其他,,,,0.0,0,0,0,有,無,6337625,205567,,0.0,0,親友、員工或其他特殊關係間之交易。;,RPTQMLMKNHPFFCA48DA
內湖區,房地(土地+建物)+車位,臺北市內湖區內湖路三段60巷31~60號,25.3,住,,,1090228,土地1建物1車位1,十七層,十九層,住宅大樓(11層含以上有電梯),住家用,鋼筋混凝土造,1060407,189.36,2,2,2,有,有,35680000,206884,坡道平面,28.98,2500000,,RPSNMLNJNHPFFCA08DA
中山區,車位,臺北市中山區中山北路二段44巷1~30號,2.44,商,,,1090417,土地0建物0車位1,地下一層,十四層,其他,停車空間,鋼筋混凝土造,0971124,30.1,0,0,0,有,有,2600000,,坡道平面,30.11,2600000,單獨車位交易。;,RPTNMLTLMHPFFCA88DA
內湖區,房地(土地+建物),臺北市內湖區民權東路六段280巷69弄1~30號,23.4,住,,,1090226,土地2建物1車位0,三層,九層,華廈(10層含以下有電梯),住家用,鋼筋混凝土造,0830608,83.34,4,2,2,有,有,17600000,211183,,0.0,0,含增建或未登記建物。,RPQOMLTLMHPFFCA68DA
信義區,房地(土地+建物),臺北市信義區信義路六段76巷2弄31~60號,7.28,住,,,1090412,土地1建物1車位0,五層,五層,公寓(5樓含以下無電梯),住家用,鋼筋混凝土造,,26.8,3,2,2,有,無,3437500,128265,,0.0,0,親友、員工或其他特殊關係間之交易。;,RPPNMLRJNHPFFDA28DA
南港區,房地(土地+建物)+車位,臺北市南港區東明街1~30號,34.16,住,,,1090322,土地1建物1車位2,十五層,十五層,住宅大樓(11層含以上有電梯),住家用,鋼筋混凝土造,0980312,225.05,4,2,2,有,有,39880000,236426,坡道平面,77.52,5000000,,RPRNMLMJNHPFFDA97DA
松山區,房地(土地+建物),臺北市松山區慶城街16巷1~30號,31.47,住,,,1090320,土地1建物1車位0,四層，陽台,七層,華廈(10層含以下有電梯),住家用,鋼筋混凝土造,0650824,157.38,3,2,2,有,有,30000000,190621,,0.0,0,親友、員工或其他特殊關係間之交易。;,RPRNMLTLMHPFFDA78DA
萬華區,房地(土地+建物)+車位,臺北市萬華區西寧南路121~150號,10.75,商,,,1090315,土地1建物1車位2,十八層,二十七層,住宅大樓(11層含以上有電梯),住家用,見其他登記事項,1010320,258.92,4,2,2,有,有,48000000,208222,坡道平面,52.42,5000000,含增建或未登記建物。,RPVOMLNKNHPFFBA48DA
萬華區,土地,龍山段一小段1~30地號,462.5,商,,,1090330,土地5建物0車位0,,,其他,,,,0.0,0,0,0,有,無,300000000,648649,,0.0,0,,RPOQMLQJNHPFFBA18DA
文山區,房地(土地+建物)+車位,臺北市文山區福興路106巷28弄1~30號,26.32,住,,,1090322,土地2建物1車位1,十一層,十二層,住宅大樓(11層含以上有電梯),住家用,鋼筋混凝土造,0981202,152.18,2,2,2,有,有,19500000,151384,坡道平面,36.58,2000000,,RPPNMLMJNHPFFAA47DA
文山區,房地(土地+建物)+車位,臺北市文山區萬芳路107巷1~30號,20.95,住,,,1090331,土地1建物1車位2,三層,十五層,住宅大樓(11層含以上有電梯),見其他登記事項,鋼筋混凝土造,1010919,128.46,2,2,2,有,有,17800000,157079,坡道機械,34.24,3000000,,RPXNMLTLMHPFFAA09DA
大安區,土地,復興段二小段1~30地號,16.88,其他,,,1090406,土地2建物0車位0,,,其他,,,,0.0,0,0,0,有,無,448000,26540,,0.0,0,包含公共設施保留地之交易。;,RPQNMLMLNHPFFFA18CA
大安區,房地(土地+建物),臺北市大安區復興南路二段125巷20弄1~30號,24.3,住,,,1090322,土地1建物1車位0,三層，陽台,五層,公寓(5樓含以下無電梯),住家用,鋼筋混凝土造,0650117,93.46,3,2,1,有,無,18600000,199016,,0.0,0,,RPWOMLSLMHPFFFA76CA
大安區,房地(土地+建物),臺北市大安區新生南路三段1~30號,35.88,住,,,1090413,土地3建物1車位0,三層,四層,公寓(5樓含以下無電梯),住家用,加強磚造,0560814,113.17,3,2,1,有,無,26350000,232836,,0.0,0,,RPROMLOJNHPFFFA38CA
大安區,車位,臺北市大安區仁愛路四段61~90號,10.65,其他,,,1090414,土地0建物0車位3,地下二層,十四層,其他,見其他登記事項,鋼筋混凝土造,0661212,109.06,0,0,0,有,有,12000000,,坡道平面,0.0,12000000,單獨車位交易。;,RPTNMLTLMHPFFFA09CA
大安區,房地(土地+建物),臺北市大安區敦化南路一段161巷31~60號,9.91,住,,,1090323,土地2建物1車位0,四層,七層,華廈(10層含以下有電梯),住家用,鋼筋混凝土造,0590403,172.16,3,2,2,有,有,33500000,194586,,0.0,0,含增建或未登記建物。;,RPXNMLTLMHPFFFA86CA
大安區,房地(土地+建物),臺北市大安區和平東路二段311巷43弄1~30號,21.61,住,,,1090315,土地1建物1車位0,八層,十七層,住宅大樓(11層含以上有電梯),住家用,鋼筋混凝土造,0740522,111.16,3,2,2,有,有,23880000,214825,,0.0,0,含增建或未登記建物。;,RPROMLTLMHPFFFA98CA
北投區,房地(土地+建物),臺北市北投區溫泉路121~150號,29.71,其他,,,1090103,土地2建物1車位0,四層,五層,公寓(5樓含以下無電梯),住家用,鋼筋混凝土造,0721116,110.30000000000001,2,2,1,有,無,8500000,77063,,0.0,0,,RPPNMLRLNHPFFEA48CA
大安區,房地(土地+建物),臺北市大安區杭州南路二段91~120號,10.04,商,,,1090303,土地2建物1車位0,七層,十二層,住宅大樓(11層含以上有電梯),住家用,鋼筋混凝土造,0750401,111.49,3,2,2,有,有,28000000,251144,,0.0,0,含增建或未登記建物。;,RPSOMLSLMHPFFFA98CA
北投區,房地(土地+建物),臺北市北投區自強街151~180號,13.95,商,,,1090324,土地1建物1車位0,二層,五層,公寓(5樓含以下無電梯),商業用,鋼筋混凝土造,0680505,64.72,3,2,2,有,無,9800000,151422,,0.0,0,,RPQOMLTLMHPFFEA78CA
北投區,土地,豐年段三小段481~510地號,728.02,其他,,,1090309,土地1建物0車位0,,,其他,,,,0.0,0,0,0,有,無,15000000,20604,,0.0,0,,RPVPMLOJNHPFFEA78CA
士林區,房地(土地+建物),臺北市士林區重慶北路四段121~150號,43.28,住,,,1090314,土地1建物2車位0,五層,五層,公寓(5樓含以下無電梯),住家用,鋼筋混凝土造,0680309,150.15,4,4,4,有,無,13800000,91908,,0.0,0,,RPPNMLLJNHPFFEA67CA
士林區,房地(土地+建物),臺北市士林區德行東路190巷31~60號,20.0,住,,,1090228,土地1建物1車位0,四層,七層,華廈(10層含以下有電梯),住家用,鋼筋混凝土造,0741114,108.72999999999999,2,2,2,有,有,20000000,183942,,0.0,0,,RPUOMLNKNHPFFEA58CA
北投區,房地(土地+建物),臺北市北投區溫泉路37巷1~30號,6.68,住,,,1090318,土地2建物1車位0,六層,十三層,套房(1房1廳1衛),住家用,鋼筋混凝土造,0941111,29.97,0,0,0,無,有,5000000,166834,,0.0,0,,RPWOMLTKNHPFFEA76CA
士林區,房地(土地+建物),臺北市士林區天母東路105巷61~90號,37.29,住,,,1090107,土地2建物1車位0,一層,五層,公寓(5樓含以下無電梯),見使用執照,鋼筋混凝土造,0680517,106.34,4,2,2,有,無,16800000,157984,,0.0,0,,RPXPMLTKNHPFFEA96CA
士林區,土地,天山段一小段421~450地號,35.55,其他,,,1090415,土地3建物0車位0,,,其他,,,,0.0,0,0,0,有,無,2326748,65450,,0.0,0,包含公共設施保留地之交易。;,RPRPMLPJNHPFFEA48CA
士林區,房地(土地+建物),臺北市士林區葫蘆街29巷1~30號,26.0,住,,,1081125,土地2建物1車位0,三層,三層,公寓(5樓含以下無電梯),住家用,加強磚造,0600927,55.01,2,1,1,有,無,7300000,132703,,0.0,0,親友、員工或其他特殊關係間之交易。;含增建或未登記建物。;,RPXOMLQJNHPFFEA09CA
北投區,房地(土地+建物),臺北市北投區大度路三段301巷28弄1~30號,28.97,住,,,1090405,土地1建物1車位0,三層,四層,公寓(5樓含以下無電梯),住家用,鋼筋混凝土造,0751113,97.18,3,2,2,有,無,8300000,85409,,0.0,0,,RPWPMLSLMHPFFEA76CA
士林區,土地,溪洲段二小段151~180地號,33.06,其他,,,1090422,土地1建物0車位0,,,其他,,,,0.0,0,0,0,有,無,1600000,48397,,0.0,0,包含公共設施保留地之交易。;,RPPNMLTLMHPFFEA58CA
北投區,房地(土地+建物),臺北市北投區東華街一段472巷1~30號,63.0,住,,,1090323,土地1建物1車位0,全,二層,透天厝,住家用,加強磚造,0570926,83.7,4,2,3,有,無,24000000,286738,,0.0,0,含增建或未登記建物。;,RPRNMLTLMHPFFEA78CA
士林區,房地(土地+建物)+車位,臺北市士林區小北街1~30號,13.11,商,,,1090324,土地1建物1車位1,四層,九層,套房(1房1廳1衛),住家用,鋼筋混凝土造,1080212,61.05,1,1,1,有,有,15800000,258804,升降機械,8.48,0,,RPSNMLTLMHPFFEA88CA
松山區,房地(土地+建物),臺北市松山區寶清街61~90號,6.53,商,,,1090316,土地4建物1車位0,四層,四層,公寓(5樓含以下無電梯),住家用,鋼筋混凝土造,,16.11,2,2,1,有,無,2000000,124146,,0.0,0,親友、員工或其他特殊關係間之交易。;二親等買賣,RPSNMLKMMHPFFDA97CA
信義區,房地(土地+建物),臺北市信義區虎林街101巷1~30號,13.27,商,,,1090331,土地5建物1車位0,一層,五層,公寓(5樓含以下無電梯),商業用,鋼筋混凝土造,0691021,56.78,2,1,1,有,無,15200000,267700,,0.0,0,親友、員工或其他特殊關係間之交易。;,RPVNMLLJNHPFFDA18CA
信義區,車位,臺北市信義區忠孝東路五段451~480號,0.45,住,,,1090319,土地0建物0車位1,地下二層，地下三層，地下四層,十一層,其他,停車空間,鋼筋混凝土造,0941006,38.68,0,0,0,有,有,2600000,,坡道平面,38.68,2600000,單獨車位交易。;,RPUNMLOJNHPFFDA38CA
南港區,土地,中南段二小段271~300地號,1.0,其他,,,1090417,土地1建物0車位0,,,其他,,,,0.0,0,0,0,有,無,113000,0,,0.0,0,包含公共設施保留地之交易。;,RPUOMLOJNHPFFDA48CA
南港區,土地,中南段二小段271~300地號,8.0,其他,,,1090417,土地1建物0車位0,,,其他,,,,0.0,0,0,0,有,無,900000,112500,,0.0,0,包含公共設施保留地之交易。;,RPWOMLOJNHPFFDA68CA
南港區,土地,中南段二小段271~300地號,15.0,其他,,,1090417,土地1建物0車位0,,,其他,,,,0.0,0,0,0,有,無,700000,46667,,0.0,0,包含公共設施保留地之交易。;,RPOPMLOJNHPFFDA97CA
南港區,土地,中南段二小段271~300地號,15.0,其他,,,1090417,土地1建物0車位0,,,其他,,,,0.0,0,0,0,有,無,700000,46667,,0.0,0,包含公共設施保留地之交易。;,RPQPMLOJNHPFFDA18CA
信義區,房地(土地+建物),臺北市信義區福德街137巷10弄1~30號,30.18,住,,,1090303,土地1建物1車位0,二層,五層,公寓(5樓含以下無電梯),住家用,鋼筋混凝土造,0740827,100.77,3,2,2,有,無,8000000,79389,,0.0,0,親友、員工或其他特殊關係間之交易。;,RPXNMLPKNHPFFDA88CA
松山區,房地(土地+建物)+車位,臺北市松山區光復北路211~240號,52.36,住,,,1090225,土地3建物2車位1,一層,十八層,住宅大樓(11層含以上有電梯),見其他登記事項,鋼筋混凝土造,0910320,233.12,0,0,0,無,有,97000000,416077,坡道平面,0.0,0,,RPRPMLQLNHPFFDA68CA
松山區,房地(土地+建物)+車位,臺北市松山區光復北路211~240號,69.43,住,,,1090225,土地3建物2車位1,一層,十八層,住宅大樓(11層含以上有電梯),見其他登記事項,鋼筋混凝土造,0910320,301.53000000000003,0,0,0,無,有,130000000,431135,坡道平面,0.0,0,,RPSPMLQLNHPFFDA78CA
松山區,房地(土地+建物)+車位,臺北市松山區光復北路211~240號,52.04,住,,,1090225,土地3建物2車位1,一層,十八層,住宅大樓(11層含以上有電梯),見其他登記事項,鋼筋混凝土造,0910320,232.77,0,0,0,無,有,97000000,416702,坡道平面,0.0,0,,RPTPMLQLNHPFFDA88CA
松山區,房地(土地+建物),臺北市松山區南京東路五段181~210號,10.02,其他,,,1081212,土地1建物1車位0,十二層,十四層,住宅大樓(11層含以上有電梯),住家用,鋼筋混凝土造,0730229,107.35,1,2,1,有,有,20200000,188170,,0.0,0,,RPVOMLTLMHPFFDA56CA
信義區,房地(土地+建物),臺北市信義區和平東路三段151~180號,9.1,商,,,1090328,土地2建物1車位0,三層,十四層,套房(1房1廳1衛),住家用,鋼筋混凝土造,0970205,45.09,1,0,1,有,有,9680000,214682,,0.0,0,,RPRPMLTLMHPFFDA88CA
信義區,車位,臺北市信義區忠孝東路五段451~480號,0.45,商,,,1090410,土地0建物0車位1,地下二層，地下三層，地下四層,十一層,其他,停車空間,鋼筋混凝土造,0941006,38.68,0,0,0,有,有,2800000,,坡道平面,0.0,2800000,,RPSNMLTLMHPFFDA78CA
松山區,房地(土地+建物),臺北市松山區民生東路五段181~210號,3.81,商,,,1090308,土地1建物1車位0,五層,十六層,套房(1房1廳1衛),商業用,鋼筋混凝土造,0721229,46.63,1,1,1,有,有,9000000,193009,,0.0,0,含增建或未登記建物。;,RPTNMLTLMHPFFDA88CA
信義區,房地(土地+建物),臺北市信義區光復南路481~510號,4.65,商,,,1090411,土地1建物1車位0,十八層,二十層,套房(1房1廳1衛),商業用,鋼骨混凝土造,0850320,46.69,1,1,1,有,有,8660000,185479,,0.0,0,含增建或未登記建物。;,RPWNMLTLMHPFFDA56CA
中山區,房地(土地+建物),臺北市中山區雙城街43巷1~30號,4.6,商,,,1090320,土地2建物1車位0,三層,七層,套房(1房1廳1衛),商業用,鋼筋混凝土造,0680419,31.05,1,1,1,有,有,4980000,160386,,0.0,0,,RPUOMLKLNHPFFCA18CA
中山區,房地(土地+建物)+車位,臺北市中山區明水路571~600號,32.66,住,,,1090329,土地1建物1車位1,四層，電梯樓梯間,十四層,住宅大樓(11層含以上有電梯),住家用,鋼筋混凝土造,0871028,179.86,3,2,2,有,無,41700000,231847,坡道平面,0.0,0,,RPPQMLQJNHPFFCA28CA
中山區,房地(土地+建物),臺北市中山區民權東路一段31~60號,4.6,商,,,1090103,土地1建物1車位0,三層,十二層,住宅大樓(11層含以上有電梯),見其他登記事項,鋼骨鋼筋混凝土造,1090120,47.68,0,0,0,無,有,11950000,250629,,0.0,0,,RPWOMLSJNHPFFCA98CA
內湖區,房地(土地+建物),臺北市內湖區內湖路一段91巷35弄31~60號,27.78,商,,,1090310,土地1建物1車位0,四層,五層,公寓(5樓含以下無電梯),住家用,鋼筋混凝土造,0720815,108.47,3,2,2,有,無,14000000,129068,,0.0,0,1.本建物現況格局之2衛，其中1個只有廁所沒有浴室。2.車位坪數含在公設內，每年由住戶抽籤決定使用權。,RPXPMLOKNHPFFCA88CA
中山區,房地(土地+建物)+車位,臺北市中山區樂群二路271~300號,19.39,其他,,,1090326,土地1建物1車位1,五層,十一層,辦公商業大樓,商業用,鋼筋混凝土造,0970603,83.03,1,1,1,有,有,16200000,195110,坡道機械,19.67,0,,RPURMLMKNHPFFCA58CA
中山區,房地(土地+建物),臺北市中山區北安路595巷2弄1~30號,35.33,住,,,1090228,土地2建物1車位0,一層,五層,公寓(5樓含以下無電梯),住家用,鋼筋混凝土造,0761222,128.32,1,2,2,有,無,22800000,177681,,0.0,0,含增建或未登記建物。;,RPWTMLSLMHPFFCA96CA
中山區,房地(土地+建物)+車位,臺北市中山區民權西路1~30號,19.65,商,,,1090225,土地1建物1車位1,三層,十四層,辦公商業大樓,商業用,鋼筋混凝土造,0801114,158.72,0,0,0,無,有,23080000,145413,坡道平面,0.0,0,含增建或未登記建物。;,RPOUMLSLMHPFFCA88CA
中山區,房地(土地+建物),臺北市中山區中山北路二段72巷1~30號,6.48,商,,,1090406,土地1建物1車位0,二層,十層,套房(1房1廳1衛),住家用,鋼筋混凝土造,0970429,38.71,1,1,1,有,有,8500000,219582,,0.0,0,含增建或未登記建物。;,RPTUMLSLMHPFFCA76CA
中山區,房地(土地+建物)+車位,臺北市中山區敬業三路162巷31~60號,47.09,住,,,1090217,土地1建物1車位1,一層,十二層,住宅大樓(11層含以上有電梯),住家用,鋼筋混凝土造,0890628,155.72,3,2,2,有,有,28000000,179810,坡道平面,0.0,0,陽台外推。,RPUUMLSLMHPFFCA86CA
中山區,房地(土地+建物),臺北市中山區北安路578巷8弄1~30號,23.9,住,,,1090322,土地1建物1車位0,四層,五層,公寓(5樓含以下無電梯),住家用,鋼筋混凝土造,0710201,98.08,3,2,2,有,無,17500000,178426,,0.0,0,親友、員工或其他特殊關係間之交易。;,RPOVMLSLMHPFFCA98CA
中山區,房地(土地+建物),臺北市中山區長安東路一段53巷1~30號,5.9,商,,,1090411,土地1建物1車位0,五層,七層,套房(1房1廳1衛),住家用,鋼筋混凝土造,0670502,34.25,1,1,1,有,有,3800000,110949,,0.0,0,親友、員工或其他特殊關係間之交易。;,RPXRMLTLMHPFFCA96CA
中山區,房地(土地+建物)+車位,臺北市中山區中山北路二段181~210號,19.6,商,,,1090325,土地1建物1車位1,八層,十八層,住宅大樓(11層含以上有電梯),住家用,見其他登記事項,1080604,260.78,3,2,3,有,有,67280000,278256,坡道平面,29.77,3000000,,RPOTMLKMMHPFFCA08CA
萬華區,房地(土地+建物),臺北市萬華區西園路一段234巷1~30號,45.0,其他,,,1090319,土地1建物1車位0,全,一層,透天厝,,土磚石混合造,,34.76,3,2,2,有,無,17000000,489068,,0.0,0,,RPUOMLMLNHPFFBA28CA
中正區,房地(土地+建物),臺北市中正區臨沂街1~30號,18.92,住,,,1090308,土地1建物1車位0,六層,七層,華廈(10層含以下有電梯),住家用,鋼筋混凝土造,0720421,103.67,3,2,2,有,無,24750000,238738,,0.0,0,,RPWPMLSKNHPFFBA09CA
萬華區,房地(土地+建物),臺北市萬華區青年路106巷30弄1~30號,11.76,住,,,1090402,土地2建物1車位0,三層,五層,套房(1房1廳1衛),住家用,鋼筋混凝土造,0640403,31.18,0,0,0,無,有,4500000,144323,,0.0,0,陽台外推。,RPSQMLTLMHPFFBA88CA
大同區,房地(土地+建物),臺北市大同區敦煌路1~30號,31.0,住,,,1090325,土地1建物1車位0,五層,五層,公寓(5樓含以下無電梯),住家用,鋼筋混凝土造,0700922,122.12,4,2,2,有,無,4350000,35621,,0.0,0,親友、員工或其他特殊關係間之交易。;本買賣包含頂樓增建部分,RPVPMLSLMHPFFBA98CA
萬華區,房地(土地+建物),臺北市萬華區峨眉街91~120號,3.74,商,,,1090405,土地1建物1車位0,二層,十一層,住宅大樓(11層含以上有電梯),見其他登記事項,鋼筋混凝土造,0950126,39.43,2,1,1,有,有,8880000,225209,,0.0,0,含增建或未登記建物。;,RPRNMLTLMHPFFBA48CA
萬華區,房地(土地+建物)+車位,臺北市萬華區艋舺大道275巷1~30號,11.42,其他,,,1090407,土地1建物1車位1,六層,十五層,住宅大樓(11層含以上有電梯),住家用,鋼筋混凝土造,1080416,109.12,1,1,1,有,有,16800000,200323,坡道平面,34.74,1900000,,RPWNMLTLMHPFFBA98CA
萬華區,車位,臺北市萬華區艋舺大道275巷1~30號,0.79,其他,,,1090410,土地0建物0車位1,一層,十五層,其他,見其他登記事項,鋼筋混凝土造,1080416,35.24,0,0,0,有,有,2800000,,坡道平面,35.24,2800000,單獨車位交易。;,RPTOMLTLMHPFFBA78CA
萬華區,車位,臺北市萬華區艋舺大道275巷1~30號,0.79,其他,,,1090410,土地0建物0車位1,一層,十五層,其他,見其他登記事項,鋼筋混凝土造,1080416,35.24,0,0,0,有,有,2300000,,坡道平面,35.24,2300000,單獨車位交易。;,RPUOMLTLMHPFFBA88CA
萬華區,車位,臺北市萬華區艋舺大道275巷1~30號,0.79,其他,,,1090411,土地0建物0車位1,一層,十五層,其他,見其他登記事項,鋼筋混凝土造,1080416,35.24,0,0,0,有,有,2100000,,坡道平面,35.24,2100000,單獨車位交易。;,RPVOMLTLMHPFFBA98CA
萬華區,車位,臺北市萬華區艋舺大道275巷1~30號,0.79,其他,,,1090415,土地0建物0車位1,一層,十五層,其他,見其他登記事項,鋼筋混凝土造,1080416,35.24,0,0,0,有,有,2200000,,坡道平面,35.24,2200000,單獨車位交易。;,RPWOMLTLMHPFFBA09CA
萬華區,車位,臺北市萬華區艋舺大道275巷1~30號,0.79,其他,,,1090417,土地0建物0車位1,一層,十五層,其他,見其他登記事項,鋼筋混凝土造,1080416,35.24,0,0,0,有,有,2100000,,坡道平面,35.24,2100000,單獨車位交易。;,RPXOMLTLMHPFFBA56CA
文山區,房地(土地+建物)+車位,臺北市文山區秀明路一段129巷31~60號,149.94,住,,,1090317,土地1建物1車位1,一層,五層,華廈(10層含以下有電梯),見其他登記事項,鋼筋混凝土造,1070302,258.07,4,2,2,有,有,39980000,185343,坡道平面,55.85,2500000,,RPOPMLPJNHPFFAA77CA
中正區,房地(土地+建物),臺北市中正區寧波西街63巷1~30號,20.0,商,,,1090313,土地1建物1車位0,全,一層,透天厝,住家用,磚造,,19.28,2,1,1,有,無,7600000,394191,,0.0,0,親友、員工或其他特殊關係間之交易。;含增建或未登記建物。;,RPTPMLPJNHPFFAA28CA
中正區,土地,福和段二小段661~690地號,354.0,住,,,1090331,土地1建物0車位0,,,其他,,,,0.0,0,0,0,有,無,220000000,621469,,0.0,0,,RPOOMLNKNHPFFAA57CA
文山區,房地(土地+建物),臺北市文山區和平東路四段65巷27弄1~30號,181.95,住,,,1090217,土地1建物1車位0,全,三層,透天厝,住家用,鋼筋混凝土造,0760107,250.38,5,4,3,有,有,28250000,112829,,0.0,0,含增建或未登記建物。;,RPRPMLRJNHPFFAA28CA
文山區,房地(土地+建物)+車位,臺北市文山區木柵路三段151~180號,14.84,商,,,1081224,土地1建物1車位1,二十三層,二十九層,住宅大樓(11層含以上有電梯),見其他登記事項,鋼骨鋼筋混凝土造,1060511,235.72,3,2,2,有,有,36000000,175848,坡道平面,42.94,2100000,建商與地主合建案。;,RPVNMLTLMHPFFAA78CA
文山區,房地(土地+建物),臺北市文山區福興路78巷20弄31~60號,25.11,住,,,1090401,土地1建物1車位0,三層,五層,公寓(5樓含以下無電梯),住家用,鋼筋混凝土造,0691007,79.77,2,2,1,有,無,9880000,123856,,0.0,0,含增建或未登記建物。;,RPPNMLNJNHPFFAA47CA
文山區,土地,公訓段二小段451~480地號,42.37,住,,,1090310,土地4建物0車位0,,,其他,,,,0.0,0,0,0,有,無,10380000,244985,,0.0,0,親友、員工或其他特殊關係間之交易。;,RPOOMLSLMHPFFAA08CA
中正區,房地(土地+建物),臺北市中正區?門街121~150號,12.71,商,,,1090410,土地1建物1車位0,五層,七層,華廈(10層含以下有電梯),見其他登記事項,鋼筋混凝土造,1080503,103.19,1,1,1,有,無,20200000,195755,,0.0,0,,RPSOMLSLMHPFFAA48CA
